2026-05-08 13:19:29.996 [restartedMain] INFO  c.b.b.BankProjectApplication - Starting BankProjectApplication using Java 17.0.9 with PID 12204 (D:\bmb_task\bank_project\target\classes started by seifi in D:\bmb_task\bank_project)
2026-05-08 13:19:30.221 [restartedMain] INFO  c.b.b.BankProjectApplication - No active profile set, falling back to 1 default profile: "default"
2026-05-08 13:19:32.099 [restartedMain] INFO  o.s.b.d.e.DevToolsPropertyDefaultsPostProcessor - Devtools property defaults active! Set 'spring.devtools.add-properties' to 'false' to disable
2026-05-08 13:19:32.100 [restartedMain] INFO  o.s.b.d.e.DevToolsPropertyDefaultsPostProcessor - For additional web related logging consider setting the 'logging.level.web' property to 'DEBUG'
2026-05-08 13:19:55.459 [background-preinit] INFO  o.h.validator.internal.util.Version - HV000001: Hibernate Validator 9.0.1.Final
2026-05-08 13:20:48.264 [restartedMain] INFO  o.s.d.r.c.RepositoryConfigurationDelegate - Bootstrapping Spring Data JPA repositories in DEFAULT mode.
2026-05-08 13:20:55.775 [restartedMain] INFO  o.s.d.r.c.RepositoryConfigurationDelegate - Finished Spring Data repository scanning in 5662 ms. Found 2 JPA repository interfaces.
2026-05-08 13:21:58.482 [restartedMain] INFO  o.s.boot.tomcat.TomcatWebServer - Tomcat initialized with port 8080 (http)
2026-05-08 13:21:59.230 [restartedMain] INFO  o.a.coyote.http11.Http11NioProtocol - Initializing ProtocolHandler ["http-nio-8080"]
2026-05-08 13:21:59.421 [restartedMain] INFO  o.a.catalina.core.StandardService - Starting service [Tomcat]
2026-05-08 13:21:59.422 [restartedMain] INFO  o.a.catalina.core.StandardEngine - Starting Servlet engine: [Apache Tomcat/11.0.21]
2026-05-08 13:22:04.642 [restartedMain] INFO  o.s.b.w.c.s.WebApplicationContextInitializer - Root WebApplicationContext: initialization completed in 152498 ms
2026-05-08 13:22:30.482 [restartedMain] INFO  org.hibernate.orm.jpa - HHH008540: Processing PersistenceUnitInfo [name: default]
2026-05-08 13:22:33.082 [restartedMain] INFO  org.hibernate.orm.core - HHH000001: Hibernate ORM core version 7.2.12.Final
2026-05-08 13:22:56.422 [restartedMain] INFO  o.s.o.j.p.SpringPersistenceUnitInfo - No LoadTimeWeaver setup: ignoring JPA class transformer
2026-05-08 13:22:57.448 [restartedMain] INFO  com.zaxxer.hikari.HikariDataSource - HikariPool-1 - Starting...
2026-05-08 13:23:03.587 [restartedMain] WARN  org.hibernate.orm.jdbc.error - HHH000247: ErrorCode: 0, SQLState: 08S01
2026-05-08 13:23:03.588 [restartedMain] WARN  org.hibernate.orm.jdbc.error - The TCP/IP connection to the host localhost, port 1433 has failed. Error: "Connection refused: no further information. Verify the connection properties. Make sure that an instance of SQL Server is running on the host and accepting TCP/IP connections at the port. Make sure that TCP connections to the port are not blocked by a firewall.".
2026-05-08 13:23:03.608 [restartedMain] WARN  org.hibernate.orm.jdbc - HHH100046: Could not obtain connection to query JDBC database metadata
org.hibernate.exception.JDBCConnectionException: Unable to obtain isolated JDBC connection [The TCP/IP connection to the host localhost, port 1433 has failed. Error: "Connection refused: no further information. Verify the connection properties. Make sure that an instance of SQL Server is running on the host and accepting TCP/IP connections at the port. Make sure that TCP connections to the port are not blocked by a firewall.".] [n/a]
	at org.hibernate.exception.internal.SQLStateConversionDelegate.convert(SQLStateConversionDelegate.java:80)
	at org.hibernate.exception.internal.StandardSQLExceptionConverter.convert(StandardSQLExceptionConverter.java:34)
	at org.hibernate.engine.jdbc.spi.SqlExceptionHelper.convert(SqlExceptionHelper.java:115)
	at org.hibernate.engine.jdbc.spi.SqlExceptionHelper.convert(SqlExceptionHelper.java:101)
	at org.hibernate.resource.transaction.backend.jdbc.internal.JdbcIsolationDelegate.delegateWork(JdbcIsolationDelegate.java:51)
	at org.hibernate.engine.jdbc.env.internal.JdbcEnvironmentInitiator.getJdbcEnvironmentUsingJdbcMetadata(JdbcEnvironmentInitiator.java:366)
	at org.hibernate.engine.jdbc.env.internal.JdbcEnvironmentInitiator.getJdbcEnvironment(JdbcEnvironmentInitiator.java:143)
	at org.hibernate.engine.jdbc.env.internal.JdbcEnvironmentInitiator.initiateService(JdbcEnvironmentInitiator.java:120)
	at org.hibernate.engine.jdbc.env.internal.JdbcEnvironmentInitiator.initiateService(JdbcEnvironmentInitiator.java:80)
	at org.hibernate.boot.registry.internal.StandardServiceRegistryImpl.initiateService(StandardServiceRegistryImpl.java:133)
	at org.hibernate.service.internal.AbstractServiceRegistryImpl.createService(AbstractServiceRegistryImpl.java:260)
	at org.hibernate.service.internal.AbstractServiceRegistryImpl.initializeService(AbstractServiceRegistryImpl.java:235)
	at org.hibernate.service.internal.AbstractServiceRegistryImpl.getService(AbstractServiceRegistryImpl.java:212)
	at org.hibernate.boot.model.relational.Database.<init>(Database.java:44)
	at org.hibernate.boot.internal.InFlightMetadataCollectorImpl.getDatabase(InFlightMetadataCollectorImpl.java:251)
	at org.hibernate.boot.internal.InFlightMetadataCollectorImpl.<init>(InFlightMetadataCollectorImpl.java:203)
	at org.hibernate.boot.model.process.spi.MetadataBuildingProcess.complete(MetadataBuildingProcess.java:172)
	at org.hibernate.jpa.boot.internal.EntityManagerFactoryBuilderImpl.metadata(EntityManagerFactoryBuilderImpl.java:1392)
	at org.hibernate.jpa.boot.internal.EntityManagerFactoryBuilderImpl.populateSessionFactoryBuilder(EntityManagerFactoryBuilderImpl.java:1472)
	at org.hibernate.jpa.boot.internal.EntityManagerFactoryBuilderImpl.build(EntityManagerFactoryBuilderImpl.java:1454)
	at org.springframework.orm.jpa.vendor.SpringHibernateJpaPersistenceProvider.createContainerEntityManagerFactory(SpringHibernateJpaPersistenceProvider.java:93)
	at org.springframework.orm.jpa.LocalContainerEntityManagerFactoryBean.createNativeEntityManagerFactory(LocalContainerEntityManagerFactoryBean.java:443)
	at org.springframework.orm.jpa.AbstractEntityManagerFactoryBean.buildNativeEntityManagerFactory(AbstractEntityManagerFactoryBean.java:436)
	at org.springframework.orm.jpa.AbstractEntityManagerFactoryBean.afterPropertiesSet(AbstractEntityManagerFactoryBean.java:411)
	at org.springframework.orm.jpa.LocalContainerEntityManagerFactoryBean.afterPropertiesSet(LocalContainerEntityManagerFactoryBean.java:419)
	at org.springframework.beans.factory.support.AbstractAutowireCapableBeanFactory.invokeInitMethods(AbstractAutowireCapableBeanFactory.java:1864)
	at org.springframework.beans.factory.support.AbstractAutowireCapableBeanFactory.initializeBean(AbstractAutowireCapableBeanFactory.java:1813)
	at org.springframework.beans.factory.support.AbstractAutowireCapableBeanFactory.doCreateBean(AbstractAutowireCapableBeanFactory.java:603)
	at org.springframework.beans.factory.support.AbstractAutowireCapableBeanFactory.createBean(AbstractAutowireCapableBeanFactory.java:525)
	at org.springframework.beans.factory.support.AbstractBeanFactory.lambda$doGetBean$0(AbstractBeanFactory.java:333)
	at org.springframework.beans.factory.support.DefaultSingletonBeanRegistry.getSingleton(DefaultSingletonBeanRegistry.java:371)
	at org.springframework.beans.factory.support.AbstractBeanFactory.doGetBean(AbstractBeanFactory.java:331)
	at org.springframework.beans.factory.support.AbstractBeanFactory.getBean(AbstractBeanFactory.java:201)
	at org.springframework.context.support.AbstractApplicationContext.finishBeanFactoryInitialization(AbstractApplicationContext.java:977)
	at org.springframework.context.support.AbstractApplicationContext.refresh(AbstractApplicationContext.java:621)
	at org.springframework.boot.web.server.servlet.context.ServletWebServerApplicationContext.refresh(ServletWebServerApplicationContext.java:143)
	at org.springframework.boot.SpringApplication.refresh(SpringApplication.java:756)
	at org.springframework.boot.SpringApplication.refreshContext(SpringApplication.java:445)
	at org.springframework.boot.SpringApplication.run(SpringApplication.java:321)
	at org.springframework.boot.SpringApplication.run(SpringApplication.java:1365)
	at org.springframework.boot.SpringApplication.run(SpringApplication.java:1354)
	at com.bmb.bank_project.BankProjectApplication.main(BankProjectApplication.java:10)
	at java.base/jdk.internal.reflect.NativeMethodAccessorImpl.invoke0(Native Method)
	at java.base/jdk.internal.reflect.NativeMethodAccessorImpl.invoke(NativeMethodAccessorImpl.java:77)
	at java.base/jdk.internal.reflect.DelegatingMethodAccessorImpl.invoke(DelegatingMethodAccessorImpl.java:43)
	at java.base/java.lang.reflect.Method.invoke(Method.java:568)
	at org.springframework.boot.devtools.restart.RestartLauncher.run(RestartLauncher.java:52)
Caused by: com.microsoft.sqlserver.jdbc.SQLServerException: The TCP/IP connection to the host localhost, port 1433 has failed. Error: "Connection refused: no further information. Verify the connection properties. Make sure that an instance of SQL Server is running on the host and accepting TCP/IP connections at the port. Make sure that TCP connections to the port are not blocked by a firewall.".
	at com.microsoft.sqlserver.jdbc.SQLServerException.makeFromDriverError(SQLServerException.java:250)
	at com.microsoft.sqlserver.jdbc.SQLServerException.convertConnectExceptionToSQLServerException(SQLServerException.java:316)
	at com.microsoft.sqlserver.jdbc.SocketFinder.findSocket(IOBuffer.java:2611)
	at com.microsoft.sqlserver.jdbc.TDSChannel.open(IOBuffer.java:736)
	at com.microsoft.sqlserver.jdbc.SQLServerConnection.connectHelper(SQLServerConnection.java:4201)
	at com.microsoft.sqlserver.jdbc.SQLServerConnection.login(SQLServerConnection.java:3817)
	at com.microsoft.sqlserver.jdbc.SQLServerConnection.connectInternal(SQLServerConnection.java:3591)
	at com.microsoft.sqlserver.jdbc.SQLServerConnection.connect(SQLServerConnection.java:2286)
	at com.microsoft.sqlserver.jdbc.SQLServerDriver.connect(SQLServerDriver.java:1371)
	at com.zaxxer.hikari.util.DriverDataSource.getConnection(DriverDataSource.java:144)
	at com.zaxxer.hikari.pool.PoolBase.newConnection(PoolBase.java:373)
	at com.zaxxer.hikari.pool.PoolBase.newPoolEntry(PoolBase.java:210)
	at com.zaxxer.hikari.pool.HikariPool.createPoolEntry(HikariPool.java:488)
	at com.zaxxer.hikari.pool.HikariPool.checkFailFast(HikariPool.java:576)
	at com.zaxxer.hikari.pool.HikariPool.<init>(HikariPool.java:97)
	at com.zaxxer.hikari.HikariDataSource.getConnection(HikariDataSource.java:111)
	at org.hibernate.engine.jdbc.connections.internal.DataSourceConnectionProvider.getConnection(DataSourceConnectionProvider.java:137)
	at org.hibernate.engine.jdbc.env.internal.JdbcEnvironmentInitiator$ConnectionProviderJdbcConnectionAccess.obtainConnection(JdbcEnvironmentInitiator.java:508)
	at org.hibernate.resource.transaction.backend.jdbc.internal.JdbcIsolationDelegate.delegateWork(JdbcIsolationDelegate.java:48)
	... 42 common frames omitted
2026-05-08 13:23:03.643 [restartedMain] ERROR o.s.o.j.LocalContainerEntityManagerFactoryBean - Failed to initialize JPA EntityManagerFactory: Unable to create requested service [org.hibernate.engine.jdbc.env.spi.JdbcEnvironment] due to: Unable to determine Dialect without JDBC metadata (please set 'jakarta.persistence.jdbc.url' for common cases or 'hibernate.dialect' when a custom Dialect implementation must be provided)
2026-05-08 13:23:03.657 [restartedMain] WARN  o.s.b.w.s.s.c.AnnotationConfigServletWebServerApplicationContext - Exception encountered during context initialization - cancelling refresh attempt: org.springframework.beans.factory.BeanCreationException: Error creating bean with name 'entityManagerFactory' defined in class path resource [org/springframework/boot/hibernate/autoconfigure/HibernateJpaConfiguration.class]: Unable to create requested service [org.hibernate.engine.jdbc.env.spi.JdbcEnvironment] due to: Unable to determine Dialect without JDBC metadata (please set 'jakarta.persistence.jdbc.url' for common cases or 'hibernate.dialect' when a custom Dialect implementation must be provided)
2026-05-08 13:23:03.739 [restartedMain] INFO  o.a.catalina.core.StandardService - Stopping service [Tomcat]
2026-05-08 13:23:04.777 [restartedMain] INFO  o.s.b.a.l.ConditionEvaluationReportLogger - 

Error starting ApplicationContext. To display the condition evaluation report re-run your application with 'debug' enabled.
2026-05-08 13:23:05.697 [restartedMain] ERROR o.s.boot.SpringApplication - Application run failed
org.springframework.beans.factory.BeanCreationException: Error creating bean with name 'entityManagerFactory' defined in class path resource [org/springframework/boot/hibernate/autoconfigure/HibernateJpaConfiguration.class]: Unable to create requested service [org.hibernate.engine.jdbc.env.spi.JdbcEnvironment] due to: Unable to determine Dialect without JDBC metadata (please set 'jakarta.persistence.jdbc.url' for common cases or 'hibernate.dialect' when a custom Dialect implementation must be provided)
	at org.springframework.beans.factory.support.AbstractAutowireCapableBeanFactory.initializeBean(AbstractAutowireCapableBeanFactory.java:1817)
	at org.springframework.beans.factory.support.AbstractAutowireCapableBeanFactory.doCreateBean(AbstractAutowireCapableBeanFactory.java:603)
	at org.springframework.beans.factory.support.AbstractAutowireCapableBeanFactory.createBean(AbstractAutowireCapableBeanFactory.java:525)
	at org.springframework.beans.factory.support.AbstractBeanFactory.lambda$doGetBean$0(AbstractBeanFactory.java:333)
	at org.springframework.beans.factory.support.DefaultSingletonBeanRegistry.getSingleton(DefaultSingletonBeanRegistry.java:371)
	at org.springframework.beans.factory.support.AbstractBeanFactory.doGetBean(AbstractBeanFactory.java:331)
	at org.springframework.beans.factory.support.AbstractBeanFactory.getBean(AbstractBeanFactory.java:201)
	at org.springframework.context.support.AbstractApplicationContext.finishBeanFactoryInitialization(AbstractApplicationContext.java:977)
	at org.springframework.context.support.AbstractApplicationContext.refresh(AbstractApplicationContext.java:621)
	at org.springframework.boot.web.server.servlet.context.ServletWebServerApplicationContext.refresh(ServletWebServerApplicationContext.java:143)
	at org.springframework.boot.SpringApplication.refresh(SpringApplication.java:756)
	at org.springframework.boot.SpringApplication.refreshContext(SpringApplication.java:445)
	at org.springframework.boot.SpringApplication.run(SpringApplication.java:321)
	at org.springframework.boot.SpringApplication.run(SpringApplication.java:1365)
	at org.springframework.boot.SpringApplication.run(SpringApplication.java:1354)
	at com.bmb.bank_project.BankProjectApplication.main(BankProjectApplication.java:10)
	at java.base/jdk.internal.reflect.NativeMethodAccessorImpl.invoke0(Native Method)
	at java.base/jdk.internal.reflect.NativeMethodAccessorImpl.invoke(NativeMethodAccessorImpl.java:77)
	at java.base/jdk.internal.reflect.DelegatingMethodAccessorImpl.invoke(DelegatingMethodAccessorImpl.java:43)
	at java.base/java.lang.reflect.Method.invoke(Method.java:568)
	at org.springframework.boot.devtools.restart.RestartLauncher.run(RestartLauncher.java:52)
Caused by: org.hibernate.service.spi.ServiceException: Unable to create requested service [org.hibernate.engine.jdbc.env.spi.JdbcEnvironment] due to: Unable to determine Dialect without JDBC metadata (please set 'jakarta.persistence.jdbc.url' for common cases or 'hibernate.dialect' when a custom Dialect implementation must be provided)
	at org.hibernate.service.internal.AbstractServiceRegistryImpl.createService(AbstractServiceRegistryImpl.java:273)
	at org.hibernate.service.internal.AbstractServiceRegistryImpl.initializeService(AbstractServiceRegistryImpl.java:235)
	at org.hibernate.service.internal.AbstractServiceRegistryImpl.getService(AbstractServiceRegistryImpl.java:212)
	at org.hibernate.boot.model.relational.Database.<init>(Database.java:44)
	at org.hibernate.boot.internal.InFlightMetadataCollectorImpl.getDatabase(InFlightMetadataCollectorImpl.java:251)
	at org.hibernate.boot.internal.InFlightMetadataCollectorImpl.<init>(InFlightMetadataCollectorImpl.java:203)
	at org.hibernate.boot.model.process.spi.MetadataBuildingProcess.complete(MetadataBuildingProcess.java:172)
	at org.hibernate.jpa.boot.internal.EntityManagerFactoryBuilderImpl.metadata(EntityManagerFactoryBuilderImpl.java:1392)
	at org.hibernate.jpa.boot.internal.EntityManagerFactoryBuilderImpl.populateSessionFactoryBuilder(EntityManagerFactoryBuilderImpl.java:1472)
	at org.hibernate.jpa.boot.internal.EntityManagerFactoryBuilderImpl.build(EntityManagerFactoryBuilderImpl.java:1454)
	at org.springframework.orm.jpa.vendor.SpringHibernateJpaPersistenceProvider.createContainerEntityManagerFactory(SpringHibernateJpaPersistenceProvider.java:93)
	at org.springframework.orm.jpa.LocalContainerEntityManagerFactoryBean.createNativeEntityManagerFactory(LocalContainerEntityManagerFactoryBean.java:443)
	at org.springframework.orm.jpa.AbstractEntityManagerFactoryBean.buildNativeEntityManagerFactory(AbstractEntityManagerFactoryBean.java:436)
	at org.springframework.orm.jpa.AbstractEntityManagerFactoryBean.afterPropertiesSet(AbstractEntityManagerFactoryBean.java:411)
	at org.springframework.orm.jpa.LocalContainerEntityManagerFactoryBean.afterPropertiesSet(LocalContainerEntityManagerFactoryBean.java:419)
	at org.springframework.beans.factory.support.AbstractAutowireCapableBeanFactory.invokeInitMethods(AbstractAutowireCapableBeanFactory.java:1864)
	at org.springframework.beans.factory.support.AbstractAutowireCapableBeanFactory.initializeBean(AbstractAutowireCapableBeanFactory.java:1813)
	... 20 common frames omitted
Caused by: org.hibernate.HibernateException: Unable to determine Dialect without JDBC metadata (please set 'jakarta.persistence.jdbc.url' for common cases or 'hibernate.dialect' when a custom Dialect implementation must be provided)
	at org.hibernate.engine.jdbc.dialect.internal.DialectFactoryImpl.determineDialect(DialectFactoryImpl.java:190)
	at org.hibernate.engine.jdbc.dialect.internal.DialectFactoryImpl.buildDialect(DialectFactoryImpl.java:86)
	at org.hibernate.engine.jdbc.env.internal.JdbcEnvironmentInitiator.getJdbcEnvironmentWithDefaults(JdbcEnvironmentInitiator.java:200)
	at org.hibernate.engine.jdbc.env.internal.JdbcEnvironmentInitiator.getJdbcEnvironmentUsingJdbcMetadata(JdbcEnvironmentInitiator.java:452)
	at org.hibernate.engine.jdbc.env.internal.JdbcEnvironmentInitiator.getJdbcEnvironment(JdbcEnvironmentInitiator.java:143)
	at org.hibernate.engine.jdbc.env.internal.JdbcEnvironmentInitiator.initiateService(JdbcEnvironmentInitiator.java:120)
	at org.hibernate.engine.jdbc.env.internal.JdbcEnvironmentInitiator.initiateService(JdbcEnvironmentInitiator.java:80)
	at org.hibernate.boot.registry.internal.StandardServiceRegistryImpl.initiateService(StandardServiceRegistryImpl.java:133)
	at org.hibernate.service.internal.AbstractServiceRegistryImpl.createService(AbstractServiceRegistryImpl.java:260)
	... 36 common frames omitted
2026-05-08 14:11:46.949 [restartedMain] INFO  c.b.b.BankProjectApplication - Starting BankProjectApplication using Java 17.0.9 with PID 11068 (D:\bmb_task\bank_project\target\classes started by seifi in D:\bmb_task\bank_project)
2026-05-08 14:11:47.152 [restartedMain] INFO  c.b.b.BankProjectApplication - No active profile set, falling back to 1 default profile: "default"
2026-05-08 14:11:52.567 [restartedMain] INFO  o.s.b.d.e.DevToolsPropertyDefaultsPostProcessor - Devtools property defaults active! Set 'spring.devtools.add-properties' to 'false' to disable
2026-05-08 14:11:52.568 [restartedMain] INFO  o.s.b.d.e.DevToolsPropertyDefaultsPostProcessor - For additional web related logging consider setting the 'logging.level.web' property to 'DEBUG'
2026-05-08 14:12:04.604 [background-preinit] INFO  o.h.validator.internal.util.Version - HV000001: Hibernate Validator 9.0.1.Final
2026-05-08 14:12:32.480 [restartedMain] INFO  o.s.d.r.c.RepositoryConfigurationDelegate - Bootstrapping Spring Data JPA repositories in DEFAULT mode.
2026-05-08 14:12:33.444 [restartedMain] INFO  o.s.d.r.c.RepositoryConfigurationDelegate - Finished Spring Data repository scanning in 529 ms. Found 2 JPA repository interfaces.
2026-05-08 14:12:46.831 [restartedMain] INFO  o.s.boot.tomcat.TomcatWebServer - Tomcat initialized with port 8080 (http)
2026-05-08 14:12:46.937 [restartedMain] INFO  o.a.coyote.http11.Http11NioProtocol - Initializing ProtocolHandler ["http-nio-8080"]
2026-05-08 14:12:46.945 [restartedMain] INFO  o.a.catalina.core.StandardService - Starting service [Tomcat]
2026-05-08 14:12:46.947 [restartedMain] INFO  o.a.catalina.core.StandardEngine - Starting Servlet engine: [Apache Tomcat/11.0.21]
2026-05-08 14:12:47.499 [restartedMain] INFO  o.s.b.w.c.s.WebApplicationContextInitializer - Root WebApplicationContext: initialization completed in 54899 ms
2026-05-08 14:12:55.221 [restartedMain] INFO  org.hibernate.orm.jpa - HHH008540: Processing PersistenceUnitInfo [name: default]
2026-05-08 14:13:00.996 [restartedMain] INFO  org.hibernate.orm.core - HHH000001: Hibernate ORM core version 7.2.12.Final
2026-05-08 14:13:09.201 [restartedMain] INFO  o.s.o.j.p.SpringPersistenceUnitInfo - No LoadTimeWeaver setup: ignoring JPA class transformer
2026-05-08 14:13:09.661 [restartedMain] INFO  com.zaxxer.hikari.HikariDataSource - HikariPool-1 - Starting...
2026-05-08 14:13:11.664 [restartedMain] WARN  c.m.s.j.i.SQLServerConnection - ConnectionID:1 ClientConnectionId: 8c795892-cac1-47e5-b697-4cf4e7b23443 Prelogin error: host localhost port 1433 Unexpected end of prelogin response after 0 bytes read
2026-05-08 14:13:14.394 [restartedMain] WARN  c.m.s.j.i.SQLServerConnection - ConnectionID:1 ClientConnectionId: 3977ec4a-8ded-40e0-99c7-12326e42d8b1 Prelogin error: host localhost port 1433 Unexpected end of prelogin response after 0 bytes read
2026-05-08 14:13:15.408 [restartedMain] WARN  org.hibernate.orm.jdbc.error - HHH000247: ErrorCode: 0, SQLState: 08S01
2026-05-08 14:13:15.409 [restartedMain] WARN  org.hibernate.orm.jdbc.error - The TCP/IP connection to the host localhost, port 1433 has failed. Error: "The driver received an unexpected pre-login response. Verify the connection properties and check that an instance of SQL Server is running on the host and accepting TCP/IP connections at the port. This driver can be used only with SQL Server 2005 or later.". ClientConnectionId:3977ec4a-8ded-40e0-99c7-12326e42d8b1
2026-05-08 14:13:15.430 [restartedMain] WARN  org.hibernate.orm.jdbc - HHH100046: Could not obtain connection to query JDBC database metadata
org.hibernate.exception.JDBCConnectionException: Unable to obtain isolated JDBC connection [The TCP/IP connection to the host localhost, port 1433 has failed. Error: "The driver received an unexpected pre-login response. Verify the connection properties and check that an instance of SQL Server is running on the host and accepting TCP/IP connections at the port. This driver can be used only with SQL Server 2005 or later.". ClientConnectionId:3977ec4a-8ded-40e0-99c7-12326e42d8b1] [n/a]
	at org.hibernate.exception.internal.SQLStateConversionDelegate.convert(SQLStateConversionDelegate.java:80)
	at org.hibernate.exception.internal.StandardSQLExceptionConverter.convert(StandardSQLExceptionConverter.java:34)
	at org.hibernate.engine.jdbc.spi.SqlExceptionHelper.convert(SqlExceptionHelper.java:115)
	at org.hibernate.engine.jdbc.spi.SqlExceptionHelper.convert(SqlExceptionHelper.java:101)
	at org.hibernate.resource.transaction.backend.jdbc.internal.JdbcIsolationDelegate.delegateWork(JdbcIsolationDelegate.java:51)
	at org.hibernate.engine.jdbc.env.internal.JdbcEnvironmentInitiator.getJdbcEnvironmentUsingJdbcMetadata(JdbcEnvironmentInitiator.java:366)
	at org.hibernate.engine.jdbc.env.internal.JdbcEnvironmentInitiator.getJdbcEnvironment(JdbcEnvironmentInitiator.java:143)
	at org.hibernate.engine.jdbc.env.internal.JdbcEnvironmentInitiator.initiateService(JdbcEnvironmentInitiator.java:120)
	at org.hibernate.engine.jdbc.env.internal.JdbcEnvironmentInitiator.initiateService(JdbcEnvironmentInitiator.java:80)
	at org.hibernate.boot.registry.internal.StandardServiceRegistryImpl.initiateService(StandardServiceRegistryImpl.java:133)
	at org.hibernate.service.internal.AbstractServiceRegistryImpl.createService(AbstractServiceRegistryImpl.java:260)
	at org.hibernate.service.internal.AbstractServiceRegistryImpl.initializeService(AbstractServiceRegistryImpl.java:235)
	at org.hibernate.service.internal.AbstractServiceRegistryImpl.getService(AbstractServiceRegistryImpl.java:212)
	at org.hibernate.boot.model.relational.Database.<init>(Database.java:44)
	at org.hibernate.boot.internal.InFlightMetadataCollectorImpl.getDatabase(InFlightMetadataCollectorImpl.java:251)
	at org.hibernate.boot.internal.InFlightMetadataCollectorImpl.<init>(InFlightMetadataCollectorImpl.java:203)
	at org.hibernate.boot.model.process.spi.MetadataBuildingProcess.complete(MetadataBuildingProcess.java:172)
	at org.hibernate.jpa.boot.internal.EntityManagerFactoryBuilderImpl.metadata(EntityManagerFactoryBuilderImpl.java:1392)
	at org.hibernate.jpa.boot.internal.EntityManagerFactoryBuilderImpl.populateSessionFactoryBuilder(EntityManagerFactoryBuilderImpl.java:1472)
	at org.hibernate.jpa.boot.internal.EntityManagerFactoryBuilderImpl.build(EntityManagerFactoryBuilderImpl.java:1454)
	at org.springframework.orm.jpa.vendor.SpringHibernateJpaPersistenceProvider.createContainerEntityManagerFactory(SpringHibernateJpaPersistenceProvider.java:93)
	at org.springframework.orm.jpa.LocalContainerEntityManagerFactoryBean.createNativeEntityManagerFactory(LocalContainerEntityManagerFactoryBean.java:443)
	at org.springframework.orm.jpa.AbstractEntityManagerFactoryBean.buildNativeEntityManagerFactory(AbstractEntityManagerFactoryBean.java:436)
	at org.springframework.orm.jpa.AbstractEntityManagerFactoryBean.afterPropertiesSet(AbstractEntityManagerFactoryBean.java:411)
	at org.springframework.orm.jpa.LocalContainerEntityManagerFactoryBean.afterPropertiesSet(LocalContainerEntityManagerFactoryBean.java:419)
	at org.springframework.beans.factory.support.AbstractAutowireCapableBeanFactory.invokeInitMethods(AbstractAutowireCapableBeanFactory.java:1864)
	at org.springframework.beans.factory.support.AbstractAutowireCapableBeanFactory.initializeBean(AbstractAutowireCapableBeanFactory.java:1813)
	at org.springframework.beans.factory.support.AbstractAutowireCapableBeanFactory.doCreateBean(AbstractAutowireCapableBeanFactory.java:603)
	at org.springframework.beans.factory.support.AbstractAutowireCapableBeanFactory.createBean(AbstractAutowireCapableBeanFactory.java:525)
	at org.springframework.beans.factory.support.AbstractBeanFactory.lambda$doGetBean$0(AbstractBeanFactory.java:333)
	at org.springframework.beans.factory.support.DefaultSingletonBeanRegistry.getSingleton(DefaultSingletonBeanRegistry.java:371)
	at org.springframework.beans.factory.support.AbstractBeanFactory.doGetBean(AbstractBeanFactory.java:331)
	at org.springframework.beans.factory.support.AbstractBeanFactory.getBean(AbstractBeanFactory.java:201)
	at org.springframework.context.support.AbstractApplicationContext.finishBeanFactoryInitialization(AbstractApplicationContext.java:977)
	at org.springframework.context.support.AbstractApplicationContext.refresh(AbstractApplicationContext.java:621)
	at org.springframework.boot.web.server.servlet.context.ServletWebServerApplicationContext.refresh(ServletWebServerApplicationContext.java:143)
	at org.springframework.boot.SpringApplication.refresh(SpringApplication.java:756)
	at org.springframework.boot.SpringApplication.refreshContext(SpringApplication.java:445)
	at org.springframework.boot.SpringApplication.run(SpringApplication.java:321)
	at org.springframework.boot.SpringApplication.run(SpringApplication.java:1365)
	at org.springframework.boot.SpringApplication.run(SpringApplication.java:1354)
	at com.bmb.bank_project.BankProjectApplication.main(BankProjectApplication.java:10)
	at java.base/jdk.internal.reflect.NativeMethodAccessorImpl.invoke0(Native Method)
	at java.base/jdk.internal.reflect.NativeMethodAccessorImpl.invoke(NativeMethodAccessorImpl.java:77)
	at java.base/jdk.internal.reflect.DelegatingMethodAccessorImpl.invoke(DelegatingMethodAccessorImpl.java:43)
	at java.base/java.lang.reflect.Method.invoke(Method.java:568)
	at org.springframework.boot.devtools.restart.RestartLauncher.run(RestartLauncher.java:52)
Caused by: com.microsoft.sqlserver.jdbc.SQLServerException: The TCP/IP connection to the host localhost, port 1433 has failed. Error: "The driver received an unexpected pre-login response. Verify the connection properties and check that an instance of SQL Server is running on the host and accepting TCP/IP connections at the port. This driver can be used only with SQL Server 2005 or later.". ClientConnectionId:3977ec4a-8ded-40e0-99c7-12326e42d8b1
	at com.microsoft.sqlserver.jdbc.SQLServerConnection.terminate(SQLServerConnection.java:4708)
	at com.microsoft.sqlserver.jdbc.SQLServerConnection.terminate(SQLServerConnection.java:4697)
	at com.microsoft.sqlserver.jdbc.SQLServerConnection.prelogin(SQLServerConnection.java:4438)
	at com.microsoft.sqlserver.jdbc.SQLServerConnection.connectHelper(SQLServerConnection.java:4226)
	at com.microsoft.sqlserver.jdbc.SQLServerConnection.login(SQLServerConnection.java:3817)
	at com.microsoft.sqlserver.jdbc.SQLServerConnection.connectInternal(SQLServerConnection.java:3591)
	at com.microsoft.sqlserver.jdbc.SQLServerConnection.connect(SQLServerConnection.java:2286)
	at com.microsoft.sqlserver.jdbc.SQLServerDriver.connect(SQLServerDriver.java:1371)
	at com.zaxxer.hikari.util.DriverDataSource.getConnection(DriverDataSource.java:144)
	at com.zaxxer.hikari.pool.PoolBase.newConnection(PoolBase.java:373)
	at com.zaxxer.hikari.pool.PoolBase.newPoolEntry(PoolBase.java:210)
	at com.zaxxer.hikari.pool.HikariPool.createPoolEntry(HikariPool.java:488)
	at com.zaxxer.hikari.pool.HikariPool.checkFailFast(HikariPool.java:576)
	at com.zaxxer.hikari.pool.HikariPool.<init>(HikariPool.java:97)
	at com.zaxxer.hikari.HikariDataSource.getConnection(HikariDataSource.java:111)
	at org.hibernate.engine.jdbc.connections.internal.DataSourceConnectionProvider.getConnection(DataSourceConnectionProvider.java:137)
	at org.hibernate.engine.jdbc.env.internal.JdbcEnvironmentInitiator$ConnectionProviderJdbcConnectionAccess.obtainConnection(JdbcEnvironmentInitiator.java:508)
	at org.hibernate.resource.transaction.backend.jdbc.internal.JdbcIsolationDelegate.delegateWork(JdbcIsolationDelegate.java:48)
	... 42 common frames omitted
2026-05-08 14:13:15.486 [restartedMain] ERROR o.s.o.j.LocalContainerEntityManagerFactoryBean - Failed to initialize JPA EntityManagerFactory: Unable to create requested service [org.hibernate.engine.jdbc.env.spi.JdbcEnvironment] due to: Unable to determine Dialect without JDBC metadata (please set 'jakarta.persistence.jdbc.url' for common cases or 'hibernate.dialect' when a custom Dialect implementation must be provided)
2026-05-08 14:13:15.488 [restartedMain] WARN  o.s.b.w.s.s.c.AnnotationConfigServletWebServerApplicationContext - Exception encountered during context initialization - cancelling refresh attempt: org.springframework.beans.factory.BeanCreationException: Error creating bean with name 'entityManagerFactory' defined in class path resource [org/springframework/boot/hibernate/autoconfigure/HibernateJpaConfiguration.class]: Unable to create requested service [org.hibernate.engine.jdbc.env.spi.JdbcEnvironment] due to: Unable to determine Dialect without JDBC metadata (please set 'jakarta.persistence.jdbc.url' for common cases or 'hibernate.dialect' when a custom Dialect implementation must be provided)
2026-05-08 14:13:15.511 [restartedMain] INFO  o.a.catalina.core.StandardService - Stopping service [Tomcat]
2026-05-08 14:13:15.680 [restartedMain] INFO  o.s.b.a.l.ConditionEvaluationReportLogger - 

Error starting ApplicationContext. To display the condition evaluation report re-run your application with 'debug' enabled.
2026-05-08 14:13:16.110 [restartedMain] ERROR o.s.boot.SpringApplication - Application run failed
org.springframework.beans.factory.BeanCreationException: Error creating bean with name 'entityManagerFactory' defined in class path resource [org/springframework/boot/hibernate/autoconfigure/HibernateJpaConfiguration.class]: Unable to create requested service [org.hibernate.engine.jdbc.env.spi.JdbcEnvironment] due to: Unable to determine Dialect without JDBC metadata (please set 'jakarta.persistence.jdbc.url' for common cases or 'hibernate.dialect' when a custom Dialect implementation must be provided)
	at org.springframework.beans.factory.support.AbstractAutowireCapableBeanFactory.initializeBean(AbstractAutowireCapableBeanFactory.java:1817)
	at org.springframework.beans.factory.support.AbstractAutowireCapableBeanFactory.doCreateBean(AbstractAutowireCapableBeanFactory.java:603)
	at org.springframework.beans.factory.support.AbstractAutowireCapableBeanFactory.createBean(AbstractAutowireCapableBeanFactory.java:525)
	at org.springframework.beans.factory.support.AbstractBeanFactory.lambda$doGetBean$0(AbstractBeanFactory.java:333)
	at org.springframework.beans.factory.support.DefaultSingletonBeanRegistry.getSingleton(DefaultSingletonBeanRegistry.java:371)
	at org.springframework.beans.factory.support.AbstractBeanFactory.doGetBean(AbstractBeanFactory.java:331)
	at org.springframework.beans.factory.support.AbstractBeanFactory.getBean(AbstractBeanFactory.java:201)
	at org.springframework.context.support.AbstractApplicationContext.finishBeanFactoryInitialization(AbstractApplicationContext.java:977)
	at org.springframework.context.support.AbstractApplicationContext.refresh(AbstractApplicationContext.java:621)
	at org.springframework.boot.web.server.servlet.context.ServletWebServerApplicationContext.refresh(ServletWebServerApplicationContext.java:143)
	at org.springframework.boot.SpringApplication.refresh(SpringApplication.java:756)
	at org.springframework.boot.SpringApplication.refreshContext(SpringApplication.java:445)
	at org.springframework.boot.SpringApplication.run(SpringApplication.java:321)
	at org.springframework.boot.SpringApplication.run(SpringApplication.java:1365)
	at org.springframework.boot.SpringApplication.run(SpringApplication.java:1354)
	at com.bmb.bank_project.BankProjectApplication.main(BankProjectApplication.java:10)
	at java.base/jdk.internal.reflect.NativeMethodAccessorImpl.invoke0(Native Method)
	at java.base/jdk.internal.reflect.NativeMethodAccessorImpl.invoke(NativeMethodAccessorImpl.java:77)
	at java.base/jdk.internal.reflect.DelegatingMethodAccessorImpl.invoke(DelegatingMethodAccessorImpl.java:43)
	at java.base/java.lang.reflect.Method.invoke(Method.java:568)
	at org.springframework.boot.devtools.restart.RestartLauncher.run(RestartLauncher.java:52)
Caused by: org.hibernate.service.spi.ServiceException: Unable to create requested service [org.hibernate.engine.jdbc.env.spi.JdbcEnvironment] due to: Unable to determine Dialect without JDBC metadata (please set 'jakarta.persistence.jdbc.url' for common cases or 'hibernate.dialect' when a custom Dialect implementation must be provided)
	at org.hibernate.service.internal.AbstractServiceRegistryImpl.createService(AbstractServiceRegistryImpl.java:273)
	at org.hibernate.service.internal.AbstractServiceRegistryImpl.initializeService(AbstractServiceRegistryImpl.java:235)
	at org.hibernate.service.internal.AbstractServiceRegistryImpl.getService(AbstractServiceRegistryImpl.java:212)
	at org.hibernate.boot.model.relational.Database.<init>(Database.java:44)
	at org.hibernate.boot.internal.InFlightMetadataCollectorImpl.getDatabase(InFlightMetadataCollectorImpl.java:251)
	at org.hibernate.boot.internal.InFlightMetadataCollectorImpl.<init>(InFlightMetadataCollectorImpl.java:203)
	at org.hibernate.boot.model.process.spi.MetadataBuildingProcess.complete(MetadataBuildingProcess.java:172)
	at org.hibernate.jpa.boot.internal.EntityManagerFactoryBuilderImpl.metadata(EntityManagerFactoryBuilderImpl.java:1392)
	at org.hibernate.jpa.boot.internal.EntityManagerFactoryBuilderImpl.populateSessionFactoryBuilder(EntityManagerFactoryBuilderImpl.java:1472)
	at org.hibernate.jpa.boot.internal.EntityManagerFactoryBuilderImpl.build(EntityManagerFactoryBuilderImpl.java:1454)
	at org.springframework.orm.jpa.vendor.SpringHibernateJpaPersistenceProvider.createContainerEntityManagerFactory(SpringHibernateJpaPersistenceProvider.java:93)
	at org.springframework.orm.jpa.LocalContainerEntityManagerFactoryBean.createNativeEntityManagerFactory(LocalContainerEntityManagerFactoryBean.java:443)
	at org.springframework.orm.jpa.AbstractEntityManagerFactoryBean.buildNativeEntityManagerFactory(AbstractEntityManagerFactoryBean.java:436)
	at org.springframework.orm.jpa.AbstractEntityManagerFactoryBean.afterPropertiesSet(AbstractEntityManagerFactoryBean.java:411)
	at org.springframework.orm.jpa.LocalContainerEntityManagerFactoryBean.afterPropertiesSet(LocalContainerEntityManagerFactoryBean.java:419)
	at org.springframework.beans.factory.support.AbstractAutowireCapableBeanFactory.invokeInitMethods(AbstractAutowireCapableBeanFactory.java:1864)
	at org.springframework.beans.factory.support.AbstractAutowireCapableBeanFactory.initializeBean(AbstractAutowireCapableBeanFactory.java:1813)
	... 20 common frames omitted
Caused by: org.hibernate.HibernateException: Unable to determine Dialect without JDBC metadata (please set 'jakarta.persistence.jdbc.url' for common cases or 'hibernate.dialect' when a custom Dialect implementation must be provided)
	at org.hibernate.engine.jdbc.dialect.internal.DialectFactoryImpl.determineDialect(DialectFactoryImpl.java:190)
	at org.hibernate.engine.jdbc.dialect.internal.DialectFactoryImpl.buildDialect(DialectFactoryImpl.java:86)
	at org.hibernate.engine.jdbc.env.internal.JdbcEnvironmentInitiator.getJdbcEnvironmentWithDefaults(JdbcEnvironmentInitiator.java:200)
	at org.hibernate.engine.jdbc.env.internal.JdbcEnvironmentInitiator.getJdbcEnvironmentUsingJdbcMetadata(JdbcEnvironmentInitiator.java:452)
	at org.hibernate.engine.jdbc.env.internal.JdbcEnvironmentInitiator.getJdbcEnvironment(JdbcEnvironmentInitiator.java:143)
	at org.hibernate.engine.jdbc.env.internal.JdbcEnvironmentInitiator.initiateService(JdbcEnvironmentInitiator.java:120)
	at org.hibernate.engine.jdbc.env.internal.JdbcEnvironmentInitiator.initiateService(JdbcEnvironmentInitiator.java:80)
	at org.hibernate.boot.registry.internal.StandardServiceRegistryImpl.initiateService(StandardServiceRegistryImpl.java:133)
	at org.hibernate.service.internal.AbstractServiceRegistryImpl.createService(AbstractServiceRegistryImpl.java:260)
	... 36 common frames omitted
2026-05-08 14:17:12.297 [restartedMain] INFO  c.b.b.BankProjectApplication - Starting BankProjectApplication using Java 17.0.9 with PID 14796 (D:\bmb_task\bank_project\target\classes started by seifi in D:\bmb_task\bank_project)
2026-05-08 14:17:12.318 [restartedMain] INFO  c.b.b.BankProjectApplication - No active profile set, falling back to 1 default profile: "default"
2026-05-08 14:17:12.850 [restartedMain] INFO  o.s.b.d.e.DevToolsPropertyDefaultsPostProcessor - Devtools property defaults active! Set 'spring.devtools.add-properties' to 'false' to disable
2026-05-08 14:17:12.851 [restartedMain] INFO  o.s.b.d.e.DevToolsPropertyDefaultsPostProcessor - For additional web related logging consider setting the 'logging.level.web' property to 'DEBUG'
2026-05-08 14:17:16.223 [background-preinit] INFO  o.h.validator.internal.util.Version - HV000001: Hibernate Validator 9.0.1.Final
2026-05-08 14:17:21.079 [restartedMain] INFO  o.s.d.r.c.RepositoryConfigurationDelegate - Bootstrapping Spring Data JPA repositories in DEFAULT mode.
2026-05-08 14:17:21.578 [restartedMain] INFO  o.s.d.r.c.RepositoryConfigurationDelegate - Finished Spring Data repository scanning in 410 ms. Found 2 JPA repository interfaces.
2026-05-08 14:17:27.809 [restartedMain] INFO  o.s.boot.tomcat.TomcatWebServer - Tomcat initialized with port 8080 (http)
2026-05-08 14:17:27.867 [restartedMain] INFO  o.a.coyote.http11.Http11NioProtocol - Initializing ProtocolHandler ["http-nio-8080"]
2026-05-08 14:17:27.873 [restartedMain] INFO  o.a.catalina.core.StandardService - Starting service [Tomcat]
2026-05-08 14:17:27.874 [restartedMain] INFO  o.a.catalina.core.StandardEngine - Starting Servlet engine: [Apache Tomcat/11.0.21]
2026-05-08 14:17:28.387 [restartedMain] INFO  o.s.b.w.c.s.WebApplicationContextInitializer - Root WebApplicationContext: initialization completed in 15531 ms
2026-05-08 14:17:38.328 [restartedMain] INFO  org.hibernate.orm.jpa - HHH008540: Processing PersistenceUnitInfo [name: default]
2026-05-08 14:17:39.282 [restartedMain] INFO  org.hibernate.orm.core - HHH000001: Hibernate ORM core version 7.2.12.Final
2026-05-08 14:17:46.225 [restartedMain] INFO  o.s.o.j.p.SpringPersistenceUnitInfo - No LoadTimeWeaver setup: ignoring JPA class transformer
2026-05-08 14:17:48.329 [restartedMain] INFO  com.zaxxer.hikari.HikariDataSource - HikariPool-1 - Starting...
2026-05-08 14:18:17.191 [restartedMain] WARN  org.hibernate.orm.jdbc.error - HHH000247: ErrorCode: 4060, SQLState: S0001
2026-05-08 14:18:17.191 [restartedMain] WARN  org.hibernate.orm.jdbc.error - Cannot open database "bank_db" requested by the login. The login failed. ClientConnectionId:ba47ef29-fb2c-4967-940d-0cec6cc91cc6
2026-05-08 14:18:17.191 [restartedMain] WARN  org.hibernate.orm.jdbc.error - HHH000247: ErrorCode: 4060, SQLState: S0001
2026-05-08 14:18:17.209 [restartedMain] WARN  org.hibernate.orm.jdbc.error - Cannot open database "bank_db" requested by the login. The login failed. ClientConnectionId:ba47ef29-fb2c-4967-940d-0cec6cc91cc6
2026-05-08 14:18:17.460 [restartedMain] WARN  org.hibernate.orm.jdbc - HHH100046: Could not obtain connection to query JDBC database metadata
org.hibernate.exception.SQLGrammarException: Unable to obtain isolated JDBC connection [Cannot open database "bank_db" requested by the login. The login failed. ClientConnectionId:ba47ef29-fb2c-4967-940d-0cec6cc91cc6] [n/a]
	at org.hibernate.exception.internal.SQLStateConversionDelegate.convert(SQLStateConversionDelegate.java:63)
	at org.hibernate.exception.internal.StandardSQLExceptionConverter.convert(StandardSQLExceptionConverter.java:34)
	at org.hibernate.engine.jdbc.spi.SqlExceptionHelper.convert(SqlExceptionHelper.java:115)
	at org.hibernate.engine.jdbc.spi.SqlExceptionHelper.convert(SqlExceptionHelper.java:101)
	at org.hibernate.resource.transaction.backend.jdbc.internal.JdbcIsolationDelegate.delegateWork(JdbcIsolationDelegate.java:51)
	at org.hibernate.engine.jdbc.env.internal.JdbcEnvironmentInitiator.getJdbcEnvironmentUsingJdbcMetadata(JdbcEnvironmentInitiator.java:366)
	at org.hibernate.engine.jdbc.env.internal.JdbcEnvironmentInitiator.getJdbcEnvironment(JdbcEnvironmentInitiator.java:143)
	at org.hibernate.engine.jdbc.env.internal.JdbcEnvironmentInitiator.initiateService(JdbcEnvironmentInitiator.java:120)
	at org.hibernate.engine.jdbc.env.internal.JdbcEnvironmentInitiator.initiateService(JdbcEnvironmentInitiator.java:80)
	at org.hibernate.boot.registry.internal.StandardServiceRegistryImpl.initiateService(StandardServiceRegistryImpl.java:133)
	at org.hibernate.service.internal.AbstractServiceRegistryImpl.createService(AbstractServiceRegistryImpl.java:260)
	at org.hibernate.service.internal.AbstractServiceRegistryImpl.initializeService(AbstractServiceRegistryImpl.java:235)
	at org.hibernate.service.internal.AbstractServiceRegistryImpl.getService(AbstractServiceRegistryImpl.java:212)
	at org.hibernate.boot.model.relational.Database.<init>(Database.java:44)
	at org.hibernate.boot.internal.InFlightMetadataCollectorImpl.getDatabase(InFlightMetadataCollectorImpl.java:251)
	at org.hibernate.boot.internal.InFlightMetadataCollectorImpl.<init>(InFlightMetadataCollectorImpl.java:203)
	at org.hibernate.boot.model.process.spi.MetadataBuildingProcess.complete(MetadataBuildingProcess.java:172)
	at org.hibernate.jpa.boot.internal.EntityManagerFactoryBuilderImpl.metadata(EntityManagerFactoryBuilderImpl.java:1392)
	at org.hibernate.jpa.boot.internal.EntityManagerFactoryBuilderImpl.populateSessionFactoryBuilder(EntityManagerFactoryBuilderImpl.java:1472)
	at org.hibernate.jpa.boot.internal.EntityManagerFactoryBuilderImpl.build(EntityManagerFactoryBuilderImpl.java:1454)
	at org.springframework.orm.jpa.vendor.SpringHibernateJpaPersistenceProvider.createContainerEntityManagerFactory(SpringHibernateJpaPersistenceProvider.java:93)
	at org.springframework.orm.jpa.LocalContainerEntityManagerFactoryBean.createNativeEntityManagerFactory(LocalContainerEntityManagerFactoryBean.java:443)
	at org.springframework.orm.jpa.AbstractEntityManagerFactoryBean.buildNativeEntityManagerFactory(AbstractEntityManagerFactoryBean.java:436)
	at org.springframework.orm.jpa.AbstractEntityManagerFactoryBean.afterPropertiesSet(AbstractEntityManagerFactoryBean.java:411)
	at org.springframework.orm.jpa.LocalContainerEntityManagerFactoryBean.afterPropertiesSet(LocalContainerEntityManagerFactoryBean.java:419)
	at org.springframework.beans.factory.support.AbstractAutowireCapableBeanFactory.invokeInitMethods(AbstractAutowireCapableBeanFactory.java:1864)
	at org.springframework.beans.factory.support.AbstractAutowireCapableBeanFactory.initializeBean(AbstractAutowireCapableBeanFactory.java:1813)
	at org.springframework.beans.factory.support.AbstractAutowireCapableBeanFactory.doCreateBean(AbstractAutowireCapableBeanFactory.java:603)
	at org.springframework.beans.factory.support.AbstractAutowireCapableBeanFactory.createBean(AbstractAutowireCapableBeanFactory.java:525)
	at org.springframework.beans.factory.support.AbstractBeanFactory.lambda$doGetBean$0(AbstractBeanFactory.java:333)
	at org.springframework.beans.factory.support.DefaultSingletonBeanRegistry.getSingleton(DefaultSingletonBeanRegistry.java:371)
	at org.springframework.beans.factory.support.AbstractBeanFactory.doGetBean(AbstractBeanFactory.java:331)
	at org.springframework.beans.factory.support.AbstractBeanFactory.getBean(AbstractBeanFactory.java:201)
	at org.springframework.context.support.AbstractApplicationContext.finishBeanFactoryInitialization(AbstractApplicationContext.java:977)
	at org.springframework.context.support.AbstractApplicationContext.refresh(AbstractApplicationContext.java:621)
	at org.springframework.boot.web.server.servlet.context.ServletWebServerApplicationContext.refresh(ServletWebServerApplicationContext.java:143)
	at org.springframework.boot.SpringApplication.refresh(SpringApplication.java:756)
	at org.springframework.boot.SpringApplication.refreshContext(SpringApplication.java:445)
	at org.springframework.boot.SpringApplication.run(SpringApplication.java:321)
	at org.springframework.boot.SpringApplication.run(SpringApplication.java:1365)
	at org.springframework.boot.SpringApplication.run(SpringApplication.java:1354)
	at com.bmb.bank_project.BankProjectApplication.main(BankProjectApplication.java:10)
	at java.base/jdk.internal.reflect.NativeMethodAccessorImpl.invoke0(Native Method)
	at java.base/jdk.internal.reflect.NativeMethodAccessorImpl.invoke(NativeMethodAccessorImpl.java:77)
	at java.base/jdk.internal.reflect.DelegatingMethodAccessorImpl.invoke(DelegatingMethodAccessorImpl.java:43)
	at java.base/java.lang.reflect.Method.invoke(Method.java:568)
	at org.springframework.boot.devtools.restart.RestartLauncher.run(RestartLauncher.java:52)
Caused by: com.microsoft.sqlserver.jdbc.SQLServerException: Cannot open database "bank_db" requested by the login. The login failed. ClientConnectionId:ba47ef29-fb2c-4967-940d-0cec6cc91cc6
	at com.microsoft.sqlserver.jdbc.SQLServerException.makeFromDatabaseError(SQLServerException.java:278)
	at com.microsoft.sqlserver.jdbc.TDSTokenHandler.onEOF(tdsparser.java:329)
	at com.microsoft.sqlserver.jdbc.TDSParser.parse(tdsparser.java:137)
	at com.microsoft.sqlserver.jdbc.TDSParser.parse(tdsparser.java:42)
	at com.microsoft.sqlserver.jdbc.SQLServerConnection.sendLogon(SQLServerConnection.java:7423)
	at com.microsoft.sqlserver.jdbc.SQLServerConnection.logon(SQLServerConnection.java:5921)
	at com.microsoft.sqlserver.jdbc.SQLServerConnection$LogonCommand.doExecute(SQLServerConnection.java:5853)
	at com.microsoft.sqlserver.jdbc.TDSCommand.execute(IOBuffer.java:7825)
	at com.microsoft.sqlserver.jdbc.SQLServerConnection.executeCommand(SQLServerConnection.java:4828)
	at com.microsoft.sqlserver.jdbc.SQLServerConnection.connectHelper(SQLServerConnection.java:4261)
	at com.microsoft.sqlserver.jdbc.SQLServerConnection.login(SQLServerConnection.java:3817)
	at com.microsoft.sqlserver.jdbc.SQLServerConnection.connectInternal(SQLServerConnection.java:3591)
	at com.microsoft.sqlserver.jdbc.SQLServerConnection.connect(SQLServerConnection.java:2286)
	at com.microsoft.sqlserver.jdbc.SQLServerDriver.connect(SQLServerDriver.java:1371)
	at com.zaxxer.hikari.util.DriverDataSource.getConnection(DriverDataSource.java:144)
	at com.zaxxer.hikari.pool.PoolBase.newConnection(PoolBase.java:373)
	at com.zaxxer.hikari.pool.PoolBase.newPoolEntry(PoolBase.java:210)
	at com.zaxxer.hikari.pool.HikariPool.createPoolEntry(HikariPool.java:488)
	at com.zaxxer.hikari.pool.HikariPool.checkFailFast(HikariPool.java:576)
	at com.zaxxer.hikari.pool.HikariPool.<init>(HikariPool.java:97)
	at com.zaxxer.hikari.HikariDataSource.getConnection(HikariDataSource.java:111)
	at org.hibernate.engine.jdbc.connections.internal.DataSourceConnectionProvider.getConnection(DataSourceConnectionProvider.java:137)
	at org.hibernate.engine.jdbc.env.internal.JdbcEnvironmentInitiator$ConnectionProviderJdbcConnectionAccess.obtainConnection(JdbcEnvironmentInitiator.java:508)
	at org.hibernate.resource.transaction.backend.jdbc.internal.JdbcIsolationDelegate.delegateWork(JdbcIsolationDelegate.java:48)
	... 42 common frames omitted
2026-05-08 14:18:17.523 [restartedMain] ERROR o.s.o.j.LocalContainerEntityManagerFactoryBean - Failed to initialize JPA EntityManagerFactory: Unable to create requested service [org.hibernate.engine.jdbc.env.spi.JdbcEnvironment] due to: Unable to determine Dialect without JDBC metadata (please set 'jakarta.persistence.jdbc.url' for common cases or 'hibernate.dialect' when a custom Dialect implementation must be provided)
2026-05-08 14:18:17.523 [restartedMain] WARN  o.s.b.w.s.s.c.AnnotationConfigServletWebServerApplicationContext - Exception encountered during context initialization - cancelling refresh attempt: org.springframework.beans.factory.BeanCreationException: Error creating bean with name 'entityManagerFactory' defined in class path resource [org/springframework/boot/hibernate/autoconfigure/HibernateJpaConfiguration.class]: Unable to create requested service [org.hibernate.engine.jdbc.env.spi.JdbcEnvironment] due to: Unable to determine Dialect without JDBC metadata (please set 'jakarta.persistence.jdbc.url' for common cases or 'hibernate.dialect' when a custom Dialect implementation must be provided)
2026-05-08 14:18:17.632 [restartedMain] INFO  o.a.catalina.core.StandardService - Stopping service [Tomcat]
2026-05-08 14:18:17.804 [restartedMain] INFO  o.s.b.a.l.ConditionEvaluationReportLogger - 

Error starting ApplicationContext. To display the condition evaluation report re-run your application with 'debug' enabled.
2026-05-08 14:18:18.981 [restartedMain] ERROR o.s.boot.SpringApplication - Application run failed
org.springframework.beans.factory.BeanCreationException: Error creating bean with name 'entityManagerFactory' defined in class path resource [org/springframework/boot/hibernate/autoconfigure/HibernateJpaConfiguration.class]: Unable to create requested service [org.hibernate.engine.jdbc.env.spi.JdbcEnvironment] due to: Unable to determine Dialect without JDBC metadata (please set 'jakarta.persistence.jdbc.url' for common cases or 'hibernate.dialect' when a custom Dialect implementation must be provided)
	at org.springframework.beans.factory.support.AbstractAutowireCapableBeanFactory.initializeBean(AbstractAutowireCapableBeanFactory.java:1817)
	at org.springframework.beans.factory.support.AbstractAutowireCapableBeanFactory.doCreateBean(AbstractAutowireCapableBeanFactory.java:603)
	at org.springframework.beans.factory.support.AbstractAutowireCapableBeanFactory.createBean(AbstractAutowireCapableBeanFactory.java:525)
	at org.springframework.beans.factory.support.AbstractBeanFactory.lambda$doGetBean$0(AbstractBeanFactory.java:333)
	at org.springframework.beans.factory.support.DefaultSingletonBeanRegistry.getSingleton(DefaultSingletonBeanRegistry.java:371)
	at org.springframework.beans.factory.support.AbstractBeanFactory.doGetBean(AbstractBeanFactory.java:331)
	at org.springframework.beans.factory.support.AbstractBeanFactory.getBean(AbstractBeanFactory.java:201)
	at org.springframework.context.support.AbstractApplicationContext.finishBeanFactoryInitialization(AbstractApplicationContext.java:977)
	at org.springframework.context.support.AbstractApplicationContext.refresh(AbstractApplicationContext.java:621)
	at org.springframework.boot.web.server.servlet.context.ServletWebServerApplicationContext.refresh(ServletWebServerApplicationContext.java:143)
	at org.springframework.boot.SpringApplication.refresh(SpringApplication.java:756)
	at org.springframework.boot.SpringApplication.refreshContext(SpringApplication.java:445)
	at org.springframework.boot.SpringApplication.run(SpringApplication.java:321)
	at org.springframework.boot.SpringApplication.run(SpringApplication.java:1365)
	at org.springframework.boot.SpringApplication.run(SpringApplication.java:1354)
	at com.bmb.bank_project.BankProjectApplication.main(BankProjectApplication.java:10)
	at java.base/jdk.internal.reflect.NativeMethodAccessorImpl.invoke0(Native Method)
	at java.base/jdk.internal.reflect.NativeMethodAccessorImpl.invoke(NativeMethodAccessorImpl.java:77)
	at java.base/jdk.internal.reflect.DelegatingMethodAccessorImpl.invoke(DelegatingMethodAccessorImpl.java:43)
	at java.base/java.lang.reflect.Method.invoke(Method.java:568)
	at org.springframework.boot.devtools.restart.RestartLauncher.run(RestartLauncher.java:52)
Caused by: org.hibernate.service.spi.ServiceException: Unable to create requested service [org.hibernate.engine.jdbc.env.spi.JdbcEnvironment] due to: Unable to determine Dialect without JDBC metadata (please set 'jakarta.persistence.jdbc.url' for common cases or 'hibernate.dialect' when a custom Dialect implementation must be provided)
	at org.hibernate.service.internal.AbstractServiceRegistryImpl.createService(AbstractServiceRegistryImpl.java:273)
	at org.hibernate.service.internal.AbstractServiceRegistryImpl.initializeService(AbstractServiceRegistryImpl.java:235)
	at org.hibernate.service.internal.AbstractServiceRegistryImpl.getService(AbstractServiceRegistryImpl.java:212)
	at org.hibernate.boot.model.relational.Database.<init>(Database.java:44)
	at org.hibernate.boot.internal.InFlightMetadataCollectorImpl.getDatabase(InFlightMetadataCollectorImpl.java:251)
	at org.hibernate.boot.internal.InFlightMetadataCollectorImpl.<init>(InFlightMetadataCollectorImpl.java:203)
	at org.hibernate.boot.model.process.spi.MetadataBuildingProcess.complete(MetadataBuildingProcess.java:172)
	at org.hibernate.jpa.boot.internal.EntityManagerFactoryBuilderImpl.metadata(EntityManagerFactoryBuilderImpl.java:1392)
	at org.hibernate.jpa.boot.internal.EntityManagerFactoryBuilderImpl.populateSessionFactoryBuilder(EntityManagerFactoryBuilderImpl.java:1472)
	at org.hibernate.jpa.boot.internal.EntityManagerFactoryBuilderImpl.build(EntityManagerFactoryBuilderImpl.java:1454)
	at org.springframework.orm.jpa.vendor.SpringHibernateJpaPersistenceProvider.createContainerEntityManagerFactory(SpringHibernateJpaPersistenceProvider.java:93)
	at org.springframework.orm.jpa.LocalContainerEntityManagerFactoryBean.createNativeEntityManagerFactory(LocalContainerEntityManagerFactoryBean.java:443)
	at org.springframework.orm.jpa.AbstractEntityManagerFactoryBean.buildNativeEntityManagerFactory(AbstractEntityManagerFactoryBean.java:436)
	at org.springframework.orm.jpa.AbstractEntityManagerFactoryBean.afterPropertiesSet(AbstractEntityManagerFactoryBean.java:411)
	at org.springframework.orm.jpa.LocalContainerEntityManagerFactoryBean.afterPropertiesSet(LocalContainerEntityManagerFactoryBean.java:419)
	at org.springframework.beans.factory.support.AbstractAutowireCapableBeanFactory.invokeInitMethods(AbstractAutowireCapableBeanFactory.java:1864)
	at org.springframework.beans.factory.support.AbstractAutowireCapableBeanFactory.initializeBean(AbstractAutowireCapableBeanFactory.java:1813)
	... 20 common frames omitted
Caused by: org.hibernate.HibernateException: Unable to determine Dialect without JDBC metadata (please set 'jakarta.persistence.jdbc.url' for common cases or 'hibernate.dialect' when a custom Dialect implementation must be provided)
	at org.hibernate.engine.jdbc.dialect.internal.DialectFactoryImpl.determineDialect(DialectFactoryImpl.java:190)
	at org.hibernate.engine.jdbc.dialect.internal.DialectFactoryImpl.buildDialect(DialectFactoryImpl.java:86)
	at org.hibernate.engine.jdbc.env.internal.JdbcEnvironmentInitiator.getJdbcEnvironmentWithDefaults(JdbcEnvironmentInitiator.java:200)
	at org.hibernate.engine.jdbc.env.internal.JdbcEnvironmentInitiator.getJdbcEnvironmentUsingJdbcMetadata(JdbcEnvironmentInitiator.java:452)
	at org.hibernate.engine.jdbc.env.internal.JdbcEnvironmentInitiator.getJdbcEnvironment(JdbcEnvironmentInitiator.java:143)
	at org.hibernate.engine.jdbc.env.internal.JdbcEnvironmentInitiator.initiateService(JdbcEnvironmentInitiator.java:120)
	at org.hibernate.engine.jdbc.env.internal.JdbcEnvironmentInitiator.initiateService(JdbcEnvironmentInitiator.java:80)
	at org.hibernate.boot.registry.internal.StandardServiceRegistryImpl.initiateService(StandardServiceRegistryImpl.java:133)
	at org.hibernate.service.internal.AbstractServiceRegistryImpl.createService(AbstractServiceRegistryImpl.java:260)
	... 36 common frames omitted
2026-05-08 14:39:56.257 [restartedMain] INFO  c.b.b.BankProjectApplication - Starting BankProjectApplication using Java 17.0.9 with PID 14696 (D:\bmb_task\bank_project\target\classes started by seifi in D:\bmb_task\bank_project)
2026-05-08 14:39:56.362 [restartedMain] INFO  c.b.b.BankProjectApplication - No active profile set, falling back to 1 default profile: "default"
2026-05-08 14:39:57.508 [restartedMain] INFO  o.s.b.d.e.DevToolsPropertyDefaultsPostProcessor - Devtools property defaults active! Set 'spring.devtools.add-properties' to 'false' to disable
2026-05-08 14:39:57.508 [restartedMain] INFO  o.s.b.d.e.DevToolsPropertyDefaultsPostProcessor - For additional web related logging consider setting the 'logging.level.web' property to 'DEBUG'
2026-05-08 14:40:03.672 [background-preinit] INFO  o.h.validator.internal.util.Version - HV000001: Hibernate Validator 9.0.1.Final
2026-05-08 14:40:42.042 [restartedMain] INFO  o.s.d.r.c.RepositoryConfigurationDelegate - Bootstrapping Spring Data JPA repositories in DEFAULT mode.
2026-05-08 14:40:45.000 [restartedMain] INFO  o.s.d.r.c.RepositoryConfigurationDelegate - Finished Spring Data repository scanning in 2358 ms. Found 2 JPA repository interfaces.
2026-05-08 14:41:00.986 [restartedMain] INFO  o.s.boot.tomcat.TomcatWebServer - Tomcat initialized with port 8080 (http)
2026-05-08 14:41:01.271 [restartedMain] INFO  o.a.coyote.http11.Http11NioProtocol - Initializing ProtocolHandler ["http-nio-8080"]
2026-05-08 14:41:01.280 [restartedMain] INFO  o.a.catalina.core.StandardService - Starting service [Tomcat]
2026-05-08 14:41:01.292 [restartedMain] INFO  o.a.catalina.core.StandardEngine - Starting Servlet engine: [Apache Tomcat/11.0.21]
2026-05-08 14:41:05.247 [restartedMain] INFO  o.s.b.w.c.s.WebApplicationContextInitializer - Root WebApplicationContext: initialization completed in 67719 ms
2026-05-08 14:41:15.216 [restartedMain] INFO  org.hibernate.orm.jpa - HHH008540: Processing PersistenceUnitInfo [name: default]
2026-05-08 14:41:16.280 [restartedMain] INFO  org.hibernate.orm.core - HHH000001: Hibernate ORM core version 7.2.12.Final
2026-05-08 14:41:31.308 [restartedMain] INFO  o.s.o.j.p.SpringPersistenceUnitInfo - No LoadTimeWeaver setup: ignoring JPA class transformer
2026-05-08 14:41:32.082 [restartedMain] INFO  com.zaxxer.hikari.HikariDataSource - HikariPool-1 - Starting...
2026-05-08 14:41:40.516 [restartedMain] INFO  com.zaxxer.hikari.pool.HikariPool - HikariPool-1 - Added connection ConnectionID:1 ClientConnectionId: 60283484-9b3d-47ed-85ae-985f8df9a155
2026-05-08 14:41:40.619 [restartedMain] INFO  com.zaxxer.hikari.HikariDataSource - HikariPool-1 - Start completed.
2026-05-08 14:41:44.291 [restartedMain] INFO  o.hibernate.orm.connections.pooling - HHH10001005: Database info:
	Database JDBC URL [jdbc:sqlserver://localhost:1433;concatNullYieldsNull=ON;quotedIdentifier=ON;connectRetryInterval=10;connectRetryCount=1;maxResultBuffer=-1;sendTemporalDataTypesAsStringForBulkCopy=true;delayLoadingLobs=true;useFmtOnly=false;vectorTypeSupport=v1;cacheBulkCopyMetadata=false;bulkCopyForBatchInsertAllowEncryptedValueModifications=false;bulkCopyForBatchInsertTableLock=false;bulkCopyForBatchInsertKeepNulls=false;bulkCopyForBatchInsertKeepIdentity=false;bulkCopyForBatchInsertFireTriggers=false;bulkCopyForBatchInsertCheckConstraints=false;bulkCopyForBatchInsertBatchSize=0;useBulkCopyForBatchInsert=false;cancelQueryTimeout=-1;sslProtocol=TLS;calcBigDecimalPrecision=false;useDefaultJaasConfig=false;jaasConfigurationName=SQLJDBCDriver;statementPoolingCacheSize=0;serverPreparedStatementDiscardThreshold=10;enablePrepareOnFirstPreparedStatementCall=false;fips=false;socketTimeout=0;authentication=NotSpecified;authenticationScheme=nativeAuthentication;xopenStates=false;datetimeParameterType=datetime2;sendTimeAsDatetime=true;replication=false;trustStoreType=JKS;trustServerCertificate=true;TransparentNetworkIPResolution=true;iPAddressPreference=IPv4First;serverNameAsACE=false;sendStringParametersAsUnicode=true;selectMethod=direct;responseBuffering=adaptive;queryTimeout=-1;packetSize=8000;multiSubnetFailover=false;loginTimeout=30;lockTimeout=-1;lastUpdateCount=true;useDefaultGSSCredential=false;prepareMethod=prepexec;encrypt=true;disableStatementPooling=true;databaseName=bank_db;columnEncryptionSetting=Disabled;applicationName=Microsoft JDBC Driver for SQL Server;applicationIntent=readwrite;]
	Database driver: Microsoft JDBC Driver 13.2 for SQL Server
	Database dialect: SQLServerDialect
	Database version: 16.0
	Default catalog/schema: bank_db/dbo
	Autocommit mode: undefined/unknown
	Isolation level: READ_COMMITTED [default READ_COMMITTED]
	JDBC fetch size: 128
	Pool: DataSourceConnectionProvider
	Minimum pool size: undefined/unknown
	Maximum pool size: undefined/unknown
2026-05-08 14:42:20.861 [restartedMain] INFO  org.hibernate.orm.core - HHH000489: No JTA platform available (set 'hibernate.transaction.jta.platform' to enable JTA platform integration)
2026-05-08 14:42:55.544 [restartedMain] ERROR o.s.o.j.LocalContainerEntityManagerFactoryBean - Failed to initialize JPA EntityManagerFactory: Unable to build Hibernate SessionFactory  [persistence unit: default] ; nested exception is org.hibernate.tool.schema.spi.SchemaManagementException: Schema validation: missing table [accounts]
2026-05-08 14:42:55.544 [restartedMain] WARN  o.s.b.w.s.s.c.AnnotationConfigServletWebServerApplicationContext - Exception encountered during context initialization - cancelling refresh attempt: org.springframework.beans.factory.BeanCreationException: Error creating bean with name 'entityManagerFactory' defined in class path resource [org/springframework/boot/hibernate/autoconfigure/HibernateJpaConfiguration.class]: Unable to build Hibernate SessionFactory  [persistence unit: default] ; nested exception is org.hibernate.tool.schema.spi.SchemaManagementException: Schema validation: missing table [accounts]
2026-05-08 14:42:55.555 [restartedMain] INFO  com.zaxxer.hikari.HikariDataSource - HikariPool-1 - Shutdown initiated...
2026-05-08 14:42:55.857 [restartedMain] INFO  com.zaxxer.hikari.HikariDataSource - HikariPool-1 - Shutdown completed.
2026-05-08 14:42:55.874 [restartedMain] INFO  o.a.catalina.core.StandardService - Stopping service [Tomcat]
2026-05-08 14:42:56.332 [restartedMain] INFO  o.s.b.a.l.ConditionEvaluationReportLogger - 

Error starting ApplicationContext. To display the condition evaluation report re-run your application with 'debug' enabled.
2026-05-08 14:42:56.786 [restartedMain] ERROR o.s.boot.SpringApplication - Application run failed
org.springframework.beans.factory.BeanCreationException: Error creating bean with name 'entityManagerFactory' defined in class path resource [org/springframework/boot/hibernate/autoconfigure/HibernateJpaConfiguration.class]: Unable to build Hibernate SessionFactory  [persistence unit: default] ; nested exception is org.hibernate.tool.schema.spi.SchemaManagementException: Schema validation: missing table [accounts]
	at org.springframework.beans.factory.support.AbstractAutowireCapableBeanFactory.initializeBean(AbstractAutowireCapableBeanFactory.java:1817)
	at org.springframework.beans.factory.support.AbstractAutowireCapableBeanFactory.doCreateBean(AbstractAutowireCapableBeanFactory.java:603)
	at org.springframework.beans.factory.support.AbstractAutowireCapableBeanFactory.createBean(AbstractAutowireCapableBeanFactory.java:525)
	at org.springframework.beans.factory.support.AbstractBeanFactory.lambda$doGetBean$0(AbstractBeanFactory.java:333)
	at org.springframework.beans.factory.support.DefaultSingletonBeanRegistry.getSingleton(DefaultSingletonBeanRegistry.java:371)
	at org.springframework.beans.factory.support.AbstractBeanFactory.doGetBean(AbstractBeanFactory.java:331)
	at org.springframework.beans.factory.support.AbstractBeanFactory.getBean(AbstractBeanFactory.java:201)
	at org.springframework.context.support.AbstractApplicationContext.finishBeanFactoryInitialization(AbstractApplicationContext.java:977)
	at org.springframework.context.support.AbstractApplicationContext.refresh(AbstractApplicationContext.java:621)
	at org.springframework.boot.web.server.servlet.context.ServletWebServerApplicationContext.refresh(ServletWebServerApplicationContext.java:143)
	at org.springframework.boot.SpringApplication.refresh(SpringApplication.java:756)
	at org.springframework.boot.SpringApplication.refreshContext(SpringApplication.java:445)
	at org.springframework.boot.SpringApplication.run(SpringApplication.java:321)
	at org.springframework.boot.SpringApplication.run(SpringApplication.java:1365)
	at org.springframework.boot.SpringApplication.run(SpringApplication.java:1354)
	at com.bmb.bank_project.BankProjectApplication.main(BankProjectApplication.java:10)
	at java.base/jdk.internal.reflect.NativeMethodAccessorImpl.invoke0(Native Method)
	at java.base/jdk.internal.reflect.NativeMethodAccessorImpl.invoke(NativeMethodAccessorImpl.java:77)
	at java.base/jdk.internal.reflect.DelegatingMethodAccessorImpl.invoke(DelegatingMethodAccessorImpl.java:43)
	at java.base/java.lang.reflect.Method.invoke(Method.java:568)
	at org.springframework.boot.devtools.restart.RestartLauncher.run(RestartLauncher.java:52)
Caused by: jakarta.persistence.PersistenceException: Unable to build Hibernate SessionFactory  [persistence unit: default] ; nested exception is org.hibernate.tool.schema.spi.SchemaManagementException: Schema validation: missing table [accounts]
	at org.springframework.orm.jpa.AbstractEntityManagerFactoryBean.buildNativeEntityManagerFactory(AbstractEntityManagerFactoryBean.java:448)
	at org.springframework.orm.jpa.AbstractEntityManagerFactoryBean.afterPropertiesSet(AbstractEntityManagerFactoryBean.java:411)
	at org.springframework.orm.jpa.LocalContainerEntityManagerFactoryBean.afterPropertiesSet(LocalContainerEntityManagerFactoryBean.java:419)
	at org.springframework.beans.factory.support.AbstractAutowireCapableBeanFactory.invokeInitMethods(AbstractAutowireCapableBeanFactory.java:1864)
	at org.springframework.beans.factory.support.AbstractAutowireCapableBeanFactory.initializeBean(AbstractAutowireCapableBeanFactory.java:1813)
	... 20 common frames omitted
Caused by: org.hibernate.tool.schema.spi.SchemaManagementException: Schema validation: missing table [accounts]
	at org.hibernate.tool.schema.internal.AbstractSchemaValidator.validateTable(AbstractSchemaValidator.java:121)
	at org.hibernate.tool.schema.internal.GroupedSchemaValidatorImpl.validateTables(GroupedSchemaValidatorImpl.java:42)
	at org.hibernate.tool.schema.internal.AbstractSchemaValidator.performValidation(AbstractSchemaValidator.java:90)
	at org.hibernate.tool.schema.internal.AbstractSchemaValidator.doValidation(AbstractSchemaValidator.java:68)
	at org.hibernate.tool.schema.spi.SchemaManagementToolCoordinator.performDatabaseAction(SchemaManagementToolCoordinator.java:278)
	at org.hibernate.tool.schema.spi.SchemaManagementToolCoordinator.lambda$process$1(SchemaManagementToolCoordinator.java:101)
	at java.base/java.util.HashMap.forEach(HashMap.java:1421)
	at org.hibernate.tool.schema.spi.SchemaManagementToolCoordinator.process(SchemaManagementToolCoordinator.java:100)
	at org.hibernate.boot.internal.SessionFactoryObserverForSchemaExport.sessionFactoryCreated(SessionFactoryObserverForSchemaExport.java:35)
	at org.hibernate.internal.SessionFactoryObserverChain.sessionFactoryCreated(SessionFactoryObserverChain.java:33)
	at org.hibernate.internal.SessionFactoryImpl.<init>(SessionFactoryImpl.java:323)
	at org.hibernate.internal.SessionFactoryRegistry.instantiateSessionFactory(SessionFactoryRegistry.java:64)
	at org.hibernate.boot.internal.SessionFactoryBuilderImpl.build(SessionFactoryBuilderImpl.java:437)
	at org.hibernate.jpa.boot.internal.EntityManagerFactoryBuilderImpl.build(EntityManagerFactoryBuilderImpl.java:1456)
	at org.springframework.orm.jpa.vendor.SpringHibernateJpaPersistenceProvider.createContainerEntityManagerFactory(SpringHibernateJpaPersistenceProvider.java:93)
	at org.springframework.orm.jpa.LocalContainerEntityManagerFactoryBean.createNativeEntityManagerFactory(LocalContainerEntityManagerFactoryBean.java:443)
	at org.springframework.orm.jpa.AbstractEntityManagerFactoryBean.buildNativeEntityManagerFactory(AbstractEntityManagerFactoryBean.java:436)
	... 24 common frames omitted
2026-05-08 14:44:40.841 [restartedMain] INFO  c.b.b.BankProjectApplication - Starting BankProjectApplication using Java 17.0.9 with PID 11328 (D:\bmb_task\bank_project\target\classes started by seifi in D:\bmb_task\bank_project)
2026-05-08 14:44:40.853 [restartedMain] INFO  c.b.b.BankProjectApplication - No active profile set, falling back to 1 default profile: "default"
2026-05-08 14:44:41.081 [restartedMain] INFO  o.s.b.d.e.DevToolsPropertyDefaultsPostProcessor - Devtools property defaults active! Set 'spring.devtools.add-properties' to 'false' to disable
2026-05-08 14:44:41.082 [restartedMain] INFO  o.s.b.d.e.DevToolsPropertyDefaultsPostProcessor - For additional web related logging consider setting the 'logging.level.web' property to 'DEBUG'
2026-05-08 14:44:43.067 [background-preinit] INFO  o.h.validator.internal.util.Version - HV000001: Hibernate Validator 9.0.1.Final
2026-05-08 14:44:47.260 [restartedMain] INFO  o.s.d.r.c.RepositoryConfigurationDelegate - Bootstrapping Spring Data JPA repositories in DEFAULT mode.
2026-05-08 14:44:47.559 [restartedMain] INFO  o.s.d.r.c.RepositoryConfigurationDelegate - Finished Spring Data repository scanning in 254 ms. Found 2 JPA repository interfaces.
2026-05-08 14:44:51.209 [restartedMain] INFO  o.s.boot.tomcat.TomcatWebServer - Tomcat initialized with port 8080 (http)
2026-05-08 14:44:51.254 [restartedMain] INFO  o.a.coyote.http11.Http11NioProtocol - Initializing ProtocolHandler ["http-nio-8080"]
2026-05-08 14:44:51.259 [restartedMain] INFO  o.a.catalina.core.StandardService - Starting service [Tomcat]
2026-05-08 14:44:51.259 [restartedMain] INFO  o.a.catalina.core.StandardEngine - Starting Servlet engine: [Apache Tomcat/11.0.21]
2026-05-08 14:44:51.536 [restartedMain] INFO  o.s.b.w.c.s.WebApplicationContextInitializer - Root WebApplicationContext: initialization completed in 10441 ms
2026-05-08 14:44:55.390 [restartedMain] INFO  org.hibernate.orm.jpa - HHH008540: Processing PersistenceUnitInfo [name: default]
2026-05-08 14:44:55.762 [restartedMain] INFO  org.hibernate.orm.core - HHH000001: Hibernate ORM core version 7.2.12.Final
2026-05-08 14:44:58.581 [restartedMain] INFO  o.s.o.j.p.SpringPersistenceUnitInfo - No LoadTimeWeaver setup: ignoring JPA class transformer
2026-05-08 14:44:58.787 [restartedMain] INFO  com.zaxxer.hikari.HikariDataSource - HikariPool-1 - Starting...
2026-05-08 14:45:00.901 [restartedMain] INFO  com.zaxxer.hikari.pool.HikariPool - HikariPool-1 - Added connection ConnectionID:1 ClientConnectionId: e2f5fcd1-f748-470c-bb8f-313fde69b082
2026-05-08 14:45:00.916 [restartedMain] INFO  com.zaxxer.hikari.HikariDataSource - HikariPool-1 - Start completed.
2026-05-08 14:45:03.491 [restartedMain] INFO  o.hibernate.orm.connections.pooling - HHH10001005: Database info:
	Database JDBC URL [jdbc:sqlserver://localhost:1433;concatNullYieldsNull=ON;quotedIdentifier=ON;connectRetryInterval=10;connectRetryCount=1;maxResultBuffer=-1;sendTemporalDataTypesAsStringForBulkCopy=true;delayLoadingLobs=true;useFmtOnly=false;vectorTypeSupport=v1;cacheBulkCopyMetadata=false;bulkCopyForBatchInsertAllowEncryptedValueModifications=false;bulkCopyForBatchInsertTableLock=false;bulkCopyForBatchInsertKeepNulls=false;bulkCopyForBatchInsertKeepIdentity=false;bulkCopyForBatchInsertFireTriggers=false;bulkCopyForBatchInsertCheckConstraints=false;bulkCopyForBatchInsertBatchSize=0;useBulkCopyForBatchInsert=false;cancelQueryTimeout=-1;sslProtocol=TLS;calcBigDecimalPrecision=false;useDefaultJaasConfig=false;jaasConfigurationName=SQLJDBCDriver;statementPoolingCacheSize=0;serverPreparedStatementDiscardThreshold=10;enablePrepareOnFirstPreparedStatementCall=false;fips=false;socketTimeout=0;authentication=NotSpecified;authenticationScheme=nativeAuthentication;xopenStates=false;datetimeParameterType=datetime2;sendTimeAsDatetime=true;replication=false;trustStoreType=JKS;trustServerCertificate=true;TransparentNetworkIPResolution=true;iPAddressPreference=IPv4First;serverNameAsACE=false;sendStringParametersAsUnicode=true;selectMethod=direct;responseBuffering=adaptive;queryTimeout=-1;packetSize=8000;multiSubnetFailover=false;loginTimeout=30;lockTimeout=-1;lastUpdateCount=true;useDefaultGSSCredential=false;prepareMethod=prepexec;encrypt=true;disableStatementPooling=true;databaseName=bank_db;columnEncryptionSetting=Disabled;applicationName=Microsoft JDBC Driver for SQL Server;applicationIntent=readwrite;]
	Database driver: Microsoft JDBC Driver 13.2 for SQL Server
	Database dialect: SQLServerDialect
	Database version: 16.0
	Default catalog/schema: bank_db/dbo
	Autocommit mode: undefined/unknown
	Isolation level: READ_COMMITTED [default READ_COMMITTED]
	JDBC fetch size: 128
	Pool: DataSourceConnectionProvider
	Minimum pool size: undefined/unknown
	Maximum pool size: undefined/unknown
2026-05-08 14:45:08.762 [restartedMain] INFO  org.hibernate.orm.core - HHH000489: No JTA platform available (set 'hibernate.transaction.jta.platform' to enable JTA platform integration)
2026-05-08 14:45:10.302 [restartedMain] ERROR o.s.o.j.LocalContainerEntityManagerFactoryBean - Failed to initialize JPA EntityManagerFactory: Unable to build Hibernate SessionFactory  [persistence unit: default] ; nested exception is org.hibernate.tool.schema.spi.SchemaManagementException: Schema validation: missing table [accounts]
2026-05-08 14:45:10.302 [restartedMain] WARN  o.s.b.w.s.s.c.AnnotationConfigServletWebServerApplicationContext - Exception encountered during context initialization - cancelling refresh attempt: org.springframework.beans.factory.BeanCreationException: Error creating bean with name 'entityManagerFactory' defined in class path resource [org/springframework/boot/hibernate/autoconfigure/HibernateJpaConfiguration.class]: Unable to build Hibernate SessionFactory  [persistence unit: default] ; nested exception is org.hibernate.tool.schema.spi.SchemaManagementException: Schema validation: missing table [accounts]
2026-05-08 14:45:10.313 [restartedMain] INFO  com.zaxxer.hikari.HikariDataSource - HikariPool-1 - Shutdown initiated...
2026-05-08 14:45:10.362 [restartedMain] INFO  com.zaxxer.hikari.HikariDataSource - HikariPool-1 - Shutdown completed.
2026-05-08 14:45:10.379 [restartedMain] INFO  o.a.catalina.core.StandardService - Stopping service [Tomcat]
2026-05-08 14:45:10.437 [restartedMain] INFO  o.s.b.a.l.ConditionEvaluationReportLogger - 

Error starting ApplicationContext. To display the condition evaluation report re-run your application with 'debug' enabled.
2026-05-08 14:45:10.573 [restartedMain] ERROR o.s.boot.SpringApplication - Application run failed
org.springframework.beans.factory.BeanCreationException: Error creating bean with name 'entityManagerFactory' defined in class path resource [org/springframework/boot/hibernate/autoconfigure/HibernateJpaConfiguration.class]: Unable to build Hibernate SessionFactory  [persistence unit: default] ; nested exception is org.hibernate.tool.schema.spi.SchemaManagementException: Schema validation: missing table [accounts]
	at org.springframework.beans.factory.support.AbstractAutowireCapableBeanFactory.initializeBean(AbstractAutowireCapableBeanFactory.java:1817)
	at org.springframework.beans.factory.support.AbstractAutowireCapableBeanFactory.doCreateBean(AbstractAutowireCapableBeanFactory.java:603)
	at org.springframework.beans.factory.support.AbstractAutowireCapableBeanFactory.createBean(AbstractAutowireCapableBeanFactory.java:525)
	at org.springframework.beans.factory.support.AbstractBeanFactory.lambda$doGetBean$0(AbstractBeanFactory.java:333)
	at org.springframework.beans.factory.support.DefaultSingletonBeanRegistry.getSingleton(DefaultSingletonBeanRegistry.java:371)
	at org.springframework.beans.factory.support.AbstractBeanFactory.doGetBean(AbstractBeanFactory.java:331)
	at org.springframework.beans.factory.support.AbstractBeanFactory.getBean(AbstractBeanFactory.java:201)
	at org.springframework.context.support.AbstractApplicationContext.finishBeanFactoryInitialization(AbstractApplicationContext.java:977)
	at org.springframework.context.support.AbstractApplicationContext.refresh(AbstractApplicationContext.java:621)
	at org.springframework.boot.web.server.servlet.context.ServletWebServerApplicationContext.refresh(ServletWebServerApplicationContext.java:143)
	at org.springframework.boot.SpringApplication.refresh(SpringApplication.java:756)
	at org.springframework.boot.SpringApplication.refreshContext(SpringApplication.java:445)
	at org.springframework.boot.SpringApplication.run(SpringApplication.java:321)
	at org.springframework.boot.SpringApplication.run(SpringApplication.java:1365)
	at org.springframework.boot.SpringApplication.run(SpringApplication.java:1354)
	at com.bmb.bank_project.BankProjectApplication.main(BankProjectApplication.java:10)
	at java.base/jdk.internal.reflect.NativeMethodAccessorImpl.invoke0(Native Method)
	at java.base/jdk.internal.reflect.NativeMethodAccessorImpl.invoke(NativeMethodAccessorImpl.java:77)
	at java.base/jdk.internal.reflect.DelegatingMethodAccessorImpl.invoke(DelegatingMethodAccessorImpl.java:43)
	at java.base/java.lang.reflect.Method.invoke(Method.java:568)
	at org.springframework.boot.devtools.restart.RestartLauncher.run(RestartLauncher.java:52)
Caused by: jakarta.persistence.PersistenceException: Unable to build Hibernate SessionFactory  [persistence unit: default] ; nested exception is org.hibernate.tool.schema.spi.SchemaManagementException: Schema validation: missing table [accounts]
	at org.springframework.orm.jpa.AbstractEntityManagerFactoryBean.buildNativeEntityManagerFactory(AbstractEntityManagerFactoryBean.java:448)
	at org.springframework.orm.jpa.AbstractEntityManagerFactoryBean.afterPropertiesSet(AbstractEntityManagerFactoryBean.java:411)
	at org.springframework.orm.jpa.LocalContainerEntityManagerFactoryBean.afterPropertiesSet(LocalContainerEntityManagerFactoryBean.java:419)
	at org.springframework.beans.factory.support.AbstractAutowireCapableBeanFactory.invokeInitMethods(AbstractAutowireCapableBeanFactory.java:1864)
	at org.springframework.beans.factory.support.AbstractAutowireCapableBeanFactory.initializeBean(AbstractAutowireCapableBeanFactory.java:1813)
	... 20 common frames omitted
Caused by: org.hibernate.tool.schema.spi.SchemaManagementException: Schema validation: missing table [accounts]
	at org.hibernate.tool.schema.internal.AbstractSchemaValidator.validateTable(AbstractSchemaValidator.java:121)
	at org.hibernate.tool.schema.internal.GroupedSchemaValidatorImpl.validateTables(GroupedSchemaValidatorImpl.java:42)
	at org.hibernate.tool.schema.internal.AbstractSchemaValidator.performValidation(AbstractSchemaValidator.java:90)
	at org.hibernate.tool.schema.internal.AbstractSchemaValidator.doValidation(AbstractSchemaValidator.java:68)
	at org.hibernate.tool.schema.spi.SchemaManagementToolCoordinator.performDatabaseAction(SchemaManagementToolCoordinator.java:278)
	at org.hibernate.tool.schema.spi.SchemaManagementToolCoordinator.lambda$process$1(SchemaManagementToolCoordinator.java:101)
	at java.base/java.util.HashMap.forEach(HashMap.java:1421)
	at org.hibernate.tool.schema.spi.SchemaManagementToolCoordinator.process(SchemaManagementToolCoordinator.java:100)
	at org.hibernate.boot.internal.SessionFactoryObserverForSchemaExport.sessionFactoryCreated(SessionFactoryObserverForSchemaExport.java:35)
	at org.hibernate.internal.SessionFactoryObserverChain.sessionFactoryCreated(SessionFactoryObserverChain.java:33)
	at org.hibernate.internal.SessionFactoryImpl.<init>(SessionFactoryImpl.java:323)
	at org.hibernate.internal.SessionFactoryRegistry.instantiateSessionFactory(SessionFactoryRegistry.java:64)
	at org.hibernate.boot.internal.SessionFactoryBuilderImpl.build(SessionFactoryBuilderImpl.java:437)
	at org.hibernate.jpa.boot.internal.EntityManagerFactoryBuilderImpl.build(EntityManagerFactoryBuilderImpl.java:1456)
	at org.springframework.orm.jpa.vendor.SpringHibernateJpaPersistenceProvider.createContainerEntityManagerFactory(SpringHibernateJpaPersistenceProvider.java:93)
	at org.springframework.orm.jpa.LocalContainerEntityManagerFactoryBean.createNativeEntityManagerFactory(LocalContainerEntityManagerFactoryBean.java:443)
	at org.springframework.orm.jpa.AbstractEntityManagerFactoryBean.buildNativeEntityManagerFactory(AbstractEntityManagerFactoryBean.java:436)
	... 24 common frames omitted
2026-05-08 20:23:31.768 [restartedMain] INFO  c.b.b.BankProjectApplication - Starting BankProjectApplication using Java 17.0.9 with PID 1208 (D:\bmb_task\bank_project\target\classes started by seifi in D:\bmb_task\bank_project)
2026-05-08 20:23:32.203 [restartedMain] INFO  c.b.b.BankProjectApplication - No active profile set, falling back to 1 default profile: "default"
2026-05-08 20:23:33.304 [restartedMain] INFO  o.s.b.d.e.DevToolsPropertyDefaultsPostProcessor - Devtools property defaults active! Set 'spring.devtools.add-properties' to 'false' to disable
2026-05-08 20:23:33.305 [restartedMain] INFO  o.s.b.d.e.DevToolsPropertyDefaultsPostProcessor - For additional web related logging consider setting the 'logging.level.web' property to 'DEBUG'
2026-05-08 20:23:37.416 [background-preinit] INFO  o.h.validator.internal.util.Version - HV000001: Hibernate Validator 9.0.1.Final
2026-05-08 20:23:45.825 [restartedMain] INFO  o.s.d.r.c.RepositoryConfigurationDelegate - Bootstrapping Spring Data JPA repositories in DEFAULT mode.
2026-05-08 20:23:46.419 [restartedMain] INFO  o.s.d.r.c.RepositoryConfigurationDelegate - Finished Spring Data repository scanning in 456 ms. Found 2 JPA repository interfaces.
2026-05-08 20:23:54.775 [restartedMain] INFO  o.s.boot.tomcat.TomcatWebServer - Tomcat initialized with port 8080 (http)
2026-05-08 20:23:54.999 [restartedMain] INFO  o.a.coyote.http11.Http11NioProtocol - Initializing ProtocolHandler ["http-nio-8080"]
2026-05-08 20:23:55.089 [restartedMain] INFO  o.a.catalina.core.StandardService - Starting service [Tomcat]
2026-05-08 20:23:55.091 [restartedMain] INFO  o.a.catalina.core.StandardEngine - Starting Servlet engine: [Apache Tomcat/11.0.21]
2026-05-08 20:23:55.676 [restartedMain] INFO  o.s.b.w.c.s.WebApplicationContextInitializer - Root WebApplicationContext: initialization completed in 22333 ms
2026-05-08 20:24:00.475 [restartedMain] INFO  org.hibernate.orm.jpa - HHH008540: Processing PersistenceUnitInfo [name: default]
2026-05-08 20:24:01.893 [restartedMain] INFO  org.hibernate.orm.core - HHH000001: Hibernate ORM core version 7.2.12.Final
2026-05-08 20:24:09.389 [restartedMain] INFO  o.s.o.j.p.SpringPersistenceUnitInfo - No LoadTimeWeaver setup: ignoring JPA class transformer
2026-05-08 20:24:09.976 [restartedMain] INFO  com.zaxxer.hikari.HikariDataSource - HikariPool-1 - Starting...
2026-05-08 20:24:13.705 [restartedMain] INFO  com.zaxxer.hikari.pool.HikariPool - HikariPool-1 - Added connection ConnectionID:1 ClientConnectionId: d5d1f109-30a4-439f-a4db-f72643996d3a
2026-05-08 20:24:13.727 [restartedMain] INFO  com.zaxxer.hikari.HikariDataSource - HikariPool-1 - Start completed.
2026-05-08 20:24:15.433 [restartedMain] INFO  o.hibernate.orm.connections.pooling - HHH10001005: Database info:
	Database JDBC URL [jdbc:sqlserver://localhost:1433;concatNullYieldsNull=ON;quotedIdentifier=ON;connectRetryInterval=10;connectRetryCount=1;maxResultBuffer=-1;sendTemporalDataTypesAsStringForBulkCopy=true;delayLoadingLobs=true;useFmtOnly=false;vectorTypeSupport=v1;cacheBulkCopyMetadata=false;bulkCopyForBatchInsertAllowEncryptedValueModifications=false;bulkCopyForBatchInsertTableLock=false;bulkCopyForBatchInsertKeepNulls=false;bulkCopyForBatchInsertKeepIdentity=false;bulkCopyForBatchInsertFireTriggers=false;bulkCopyForBatchInsertCheckConstraints=false;bulkCopyForBatchInsertBatchSize=0;useBulkCopyForBatchInsert=false;cancelQueryTimeout=-1;sslProtocol=TLS;calcBigDecimalPrecision=false;useDefaultJaasConfig=false;jaasConfigurationName=SQLJDBCDriver;statementPoolingCacheSize=0;serverPreparedStatementDiscardThreshold=10;enablePrepareOnFirstPreparedStatementCall=false;fips=false;socketTimeout=0;authentication=NotSpecified;authenticationScheme=nativeAuthentication;xopenStates=false;datetimeParameterType=datetime2;sendTimeAsDatetime=true;replication=false;trustStoreType=JKS;trustServerCertificate=true;TransparentNetworkIPResolution=true;iPAddressPreference=IPv4First;serverNameAsACE=false;sendStringParametersAsUnicode=true;selectMethod=direct;responseBuffering=adaptive;queryTimeout=-1;packetSize=8000;multiSubnetFailover=false;loginTimeout=30;lockTimeout=-1;lastUpdateCount=true;useDefaultGSSCredential=false;prepareMethod=prepexec;encrypt=true;disableStatementPooling=true;databaseName=bank_db;columnEncryptionSetting=Disabled;applicationName=Microsoft JDBC Driver for SQL Server;applicationIntent=readwrite;]
	Database driver: Microsoft JDBC Driver 13.2 for SQL Server
	Database dialect: SQLServerDialect
	Database version: 16.0
	Default catalog/schema: bank_db/dbo
	Autocommit mode: undefined/unknown
	Isolation level: READ_COMMITTED [default READ_COMMITTED]
	JDBC fetch size: 128
	Pool: DataSourceConnectionProvider
	Minimum pool size: undefined/unknown
	Maximum pool size: undefined/unknown
2026-05-08 20:24:29.681 [restartedMain] INFO  org.hibernate.orm.core - HHH000489: No JTA platform available (set 'hibernate.transaction.jta.platform' to enable JTA platform integration)
2026-05-08 20:24:31.652 [restartedMain] ERROR o.s.o.j.LocalContainerEntityManagerFactoryBean - Failed to initialize JPA EntityManagerFactory: Unable to build Hibernate SessionFactory  [persistence unit: default] ; nested exception is org.hibernate.tool.schema.spi.SchemaManagementException: Schema validation: missing table [accounts]
2026-05-08 20:24:31.656 [restartedMain] WARN  o.s.b.w.s.s.c.AnnotationConfigServletWebServerApplicationContext - Exception encountered during context initialization - cancelling refresh attempt: org.springframework.beans.factory.BeanCreationException: Error creating bean with name 'entityManagerFactory' defined in class path resource [org/springframework/boot/hibernate/autoconfigure/HibernateJpaConfiguration.class]: Unable to build Hibernate SessionFactory  [persistence unit: default] ; nested exception is org.hibernate.tool.schema.spi.SchemaManagementException: Schema validation: missing table [accounts]
2026-05-08 20:24:31.662 [restartedMain] INFO  com.zaxxer.hikari.HikariDataSource - HikariPool-1 - Shutdown initiated...
2026-05-08 20:24:31.908 [restartedMain] INFO  com.zaxxer.hikari.HikariDataSource - HikariPool-1 - Shutdown completed.
2026-05-08 20:24:31.926 [restartedMain] INFO  o.a.catalina.core.StandardService - Stopping service [Tomcat]
2026-05-08 20:24:32.129 [restartedMain] INFO  o.s.b.a.l.ConditionEvaluationReportLogger - 

Error starting ApplicationContext. To display the condition evaluation report re-run your application with 'debug' enabled.
2026-05-08 20:24:32.936 [restartedMain] ERROR o.s.boot.SpringApplication - Application run failed
org.springframework.beans.factory.BeanCreationException: Error creating bean with name 'entityManagerFactory' defined in class path resource [org/springframework/boot/hibernate/autoconfigure/HibernateJpaConfiguration.class]: Unable to build Hibernate SessionFactory  [persistence unit: default] ; nested exception is org.hibernate.tool.schema.spi.SchemaManagementException: Schema validation: missing table [accounts]
	at org.springframework.beans.factory.support.AbstractAutowireCapableBeanFactory.initializeBean(AbstractAutowireCapableBeanFactory.java:1817)
	at org.springframework.beans.factory.support.AbstractAutowireCapableBeanFactory.doCreateBean(AbstractAutowireCapableBeanFactory.java:603)
	at org.springframework.beans.factory.support.AbstractAutowireCapableBeanFactory.createBean(AbstractAutowireCapableBeanFactory.java:525)
	at org.springframework.beans.factory.support.AbstractBeanFactory.lambda$doGetBean$0(AbstractBeanFactory.java:333)
	at org.springframework.beans.factory.support.DefaultSingletonBeanRegistry.getSingleton(DefaultSingletonBeanRegistry.java:371)
	at org.springframework.beans.factory.support.AbstractBeanFactory.doGetBean(AbstractBeanFactory.java:331)
	at org.springframework.beans.factory.support.AbstractBeanFactory.getBean(AbstractBeanFactory.java:201)
	at org.springframework.context.support.AbstractApplicationContext.finishBeanFactoryInitialization(AbstractApplicationContext.java:977)
	at org.springframework.context.support.AbstractApplicationContext.refresh(AbstractApplicationContext.java:621)
	at org.springframework.boot.web.server.servlet.context.ServletWebServerApplicationContext.refresh(ServletWebServerApplicationContext.java:143)
	at org.springframework.boot.SpringApplication.refresh(SpringApplication.java:756)
	at org.springframework.boot.SpringApplication.refreshContext(SpringApplication.java:445)
	at org.springframework.boot.SpringApplication.run(SpringApplication.java:321)
	at org.springframework.boot.SpringApplication.run(SpringApplication.java:1365)
	at org.springframework.boot.SpringApplication.run(SpringApplication.java:1354)
	at com.bmb.bank_project.BankProjectApplication.main(BankProjectApplication.java:10)
	at java.base/jdk.internal.reflect.NativeMethodAccessorImpl.invoke0(Native Method)
	at java.base/jdk.internal.reflect.NativeMethodAccessorImpl.invoke(NativeMethodAccessorImpl.java:77)
	at java.base/jdk.internal.reflect.DelegatingMethodAccessorImpl.invoke(DelegatingMethodAccessorImpl.java:43)
	at java.base/java.lang.reflect.Method.invoke(Method.java:568)
	at org.springframework.boot.devtools.restart.RestartLauncher.run(RestartLauncher.java:52)
Caused by: jakarta.persistence.PersistenceException: Unable to build Hibernate SessionFactory  [persistence unit: default] ; nested exception is org.hibernate.tool.schema.spi.SchemaManagementException: Schema validation: missing table [accounts]
	at org.springframework.orm.jpa.AbstractEntityManagerFactoryBean.buildNativeEntityManagerFactory(AbstractEntityManagerFactoryBean.java:448)
	at org.springframework.orm.jpa.AbstractEntityManagerFactoryBean.afterPropertiesSet(AbstractEntityManagerFactoryBean.java:411)
	at org.springframework.orm.jpa.LocalContainerEntityManagerFactoryBean.afterPropertiesSet(LocalContainerEntityManagerFactoryBean.java:419)
	at org.springframework.beans.factory.support.AbstractAutowireCapableBeanFactory.invokeInitMethods(AbstractAutowireCapableBeanFactory.java:1864)
	at org.springframework.beans.factory.support.AbstractAutowireCapableBeanFactory.initializeBean(AbstractAutowireCapableBeanFactory.java:1813)
	... 20 common frames omitted
Caused by: org.hibernate.tool.schema.spi.SchemaManagementException: Schema validation: missing table [accounts]
	at org.hibernate.tool.schema.internal.AbstractSchemaValidator.validateTable(AbstractSchemaValidator.java:121)
	at org.hibernate.tool.schema.internal.GroupedSchemaValidatorImpl.validateTables(GroupedSchemaValidatorImpl.java:42)
	at org.hibernate.tool.schema.internal.AbstractSchemaValidator.performValidation(AbstractSchemaValidator.java:90)
	at org.hibernate.tool.schema.internal.AbstractSchemaValidator.doValidation(AbstractSchemaValidator.java:68)
	at org.hibernate.tool.schema.spi.SchemaManagementToolCoordinator.performDatabaseAction(SchemaManagementToolCoordinator.java:278)
	at org.hibernate.tool.schema.spi.SchemaManagementToolCoordinator.lambda$process$1(SchemaManagementToolCoordinator.java:101)
	at java.base/java.util.HashMap.forEach(HashMap.java:1421)
	at org.hibernate.tool.schema.spi.SchemaManagementToolCoordinator.process(SchemaManagementToolCoordinator.java:100)
	at org.hibernate.boot.internal.SessionFactoryObserverForSchemaExport.sessionFactoryCreated(SessionFactoryObserverForSchemaExport.java:35)
	at org.hibernate.internal.SessionFactoryObserverChain.sessionFactoryCreated(SessionFactoryObserverChain.java:33)
	at org.hibernate.internal.SessionFactoryImpl.<init>(SessionFactoryImpl.java:323)
	at org.hibernate.internal.SessionFactoryRegistry.instantiateSessionFactory(SessionFactoryRegistry.java:64)
	at org.hibernate.boot.internal.SessionFactoryBuilderImpl.build(SessionFactoryBuilderImpl.java:437)
	at org.hibernate.jpa.boot.internal.EntityManagerFactoryBuilderImpl.build(EntityManagerFactoryBuilderImpl.java:1456)
	at org.springframework.orm.jpa.vendor.SpringHibernateJpaPersistenceProvider.createContainerEntityManagerFactory(SpringHibernateJpaPersistenceProvider.java:93)
	at org.springframework.orm.jpa.LocalContainerEntityManagerFactoryBean.createNativeEntityManagerFactory(LocalContainerEntityManagerFactoryBean.java:443)
	at org.springframework.orm.jpa.AbstractEntityManagerFactoryBean.buildNativeEntityManagerFactory(AbstractEntityManagerFactoryBean.java:436)
	... 24 common frames omitted
2026-05-08 21:30:57.085 [restartedMain] INFO  c.b.b.BankProjectApplication - Starting BankProjectApplication using Java 17.0.9 with PID 13520 (D:\bmb_task\bank_project\target\classes started by seifi in D:\bmb_task\bank_project)
2026-05-08 21:30:57.351 [restartedMain] INFO  c.b.b.BankProjectApplication - No active profile set, falling back to 1 default profile: "default"
2026-05-08 21:30:58.788 [restartedMain] INFO  o.s.b.d.e.DevToolsPropertyDefaultsPostProcessor - Devtools property defaults active! Set 'spring.devtools.add-properties' to 'false' to disable
2026-05-08 21:30:58.788 [restartedMain] INFO  o.s.b.d.e.DevToolsPropertyDefaultsPostProcessor - For additional web related logging consider setting the 'logging.level.web' property to 'DEBUG'
2026-05-08 21:31:06.486 [background-preinit] INFO  o.h.validator.internal.util.Version - HV000001: Hibernate Validator 9.0.1.Final
2026-05-08 21:31:21.346 [restartedMain] INFO  o.s.d.r.c.RepositoryConfigurationDelegate - Bootstrapping Spring Data JPA repositories in DEFAULT mode.
2026-05-08 21:31:23.042 [restartedMain] INFO  o.s.d.r.c.RepositoryConfigurationDelegate - Finished Spring Data repository scanning in 1625 ms. Found 2 JPA repository interfaces.
2026-05-08 21:31:35.067 [restartedMain] INFO  o.s.boot.tomcat.TomcatWebServer - Tomcat initialized with port 8080 (http)
2026-05-08 21:31:35.183 [restartedMain] INFO  o.a.coyote.http11.Http11NioProtocol - Initializing ProtocolHandler ["http-nio-8080"]
2026-05-08 21:31:35.187 [restartedMain] INFO  o.a.catalina.core.StandardService - Starting service [Tomcat]
2026-05-08 21:31:35.188 [restartedMain] INFO  o.a.catalina.core.StandardEngine - Starting Servlet engine: [Apache Tomcat/11.0.21]
2026-05-08 21:31:36.109 [restartedMain] INFO  o.s.b.w.c.s.WebApplicationContextInitializer - Root WebApplicationContext: initialization completed in 37319 ms
2026-05-08 21:31:38.736 [restartedMain] INFO  org.hibernate.orm.jpa - HHH008540: Processing PersistenceUnitInfo [name: default]
2026-05-08 21:31:40.145 [restartedMain] INFO  org.hibernate.orm.core - HHH000001: Hibernate ORM core version 7.2.12.Final
2026-05-08 21:31:49.175 [restartedMain] INFO  o.s.o.j.p.SpringPersistenceUnitInfo - No LoadTimeWeaver setup: ignoring JPA class transformer
2026-05-08 21:31:49.744 [restartedMain] INFO  com.zaxxer.hikari.HikariDataSource - HikariPool-1 - Starting...
2026-05-08 21:31:57.081 [restartedMain] INFO  com.zaxxer.hikari.pool.HikariPool - HikariPool-1 - Added connection ConnectionID:1 ClientConnectionId: fed20091-8bac-4f17-94a9-367ceae762f5
2026-05-08 21:31:57.090 [restartedMain] INFO  com.zaxxer.hikari.HikariDataSource - HikariPool-1 - Start completed.
2026-05-08 21:31:59.544 [restartedMain] INFO  o.hibernate.orm.connections.pooling - HHH10001005: Database info:
	Database JDBC URL [jdbc:sqlserver://localhost:1433;concatNullYieldsNull=ON;quotedIdentifier=ON;connectRetryInterval=10;connectRetryCount=1;maxResultBuffer=-1;sendTemporalDataTypesAsStringForBulkCopy=true;delayLoadingLobs=true;useFmtOnly=false;vectorTypeSupport=v1;cacheBulkCopyMetadata=false;bulkCopyForBatchInsertAllowEncryptedValueModifications=false;bulkCopyForBatchInsertTableLock=false;bulkCopyForBatchInsertKeepNulls=false;bulkCopyForBatchInsertKeepIdentity=false;bulkCopyForBatchInsertFireTriggers=false;bulkCopyForBatchInsertCheckConstraints=false;bulkCopyForBatchInsertBatchSize=0;useBulkCopyForBatchInsert=false;cancelQueryTimeout=-1;sslProtocol=TLS;calcBigDecimalPrecision=false;useDefaultJaasConfig=false;jaasConfigurationName=SQLJDBCDriver;statementPoolingCacheSize=0;serverPreparedStatementDiscardThreshold=10;enablePrepareOnFirstPreparedStatementCall=false;fips=false;socketTimeout=0;authentication=NotSpecified;authenticationScheme=nativeAuthentication;xopenStates=false;datetimeParameterType=datetime2;sendTimeAsDatetime=true;replication=false;trustStoreType=JKS;trustServerCertificate=true;TransparentNetworkIPResolution=true;iPAddressPreference=IPv4First;serverNameAsACE=false;sendStringParametersAsUnicode=true;selectMethod=direct;responseBuffering=adaptive;queryTimeout=-1;packetSize=8000;multiSubnetFailover=false;loginTimeout=30;lockTimeout=-1;lastUpdateCount=true;useDefaultGSSCredential=false;prepareMethod=prepexec;encrypt=true;disableStatementPooling=true;databaseName=bank_db;columnEncryptionSetting=Disabled;applicationName=Microsoft JDBC Driver for SQL Server;applicationIntent=readwrite;]
	Database driver: Microsoft JDBC Driver 13.2 for SQL Server
	Database dialect: SQLServerDialect
	Database version: 16.0
	Default catalog/schema: bank_db/dbo
	Autocommit mode: undefined/unknown
	Isolation level: READ_COMMITTED [default READ_COMMITTED]
	JDBC fetch size: 128
	Pool: DataSourceConnectionProvider
	Minimum pool size: undefined/unknown
	Maximum pool size: undefined/unknown
2026-05-08 21:32:12.037 [restartedMain] INFO  org.hibernate.orm.core - HHH000489: No JTA platform available (set 'hibernate.transaction.jta.platform' to enable JTA platform integration)
2026-05-08 21:32:14.870 [restartedMain] ERROR o.s.o.j.LocalContainerEntityManagerFactoryBean - Failed to initialize JPA EntityManagerFactory: Unable to build Hibernate SessionFactory  [persistence unit: default] ; nested exception is org.hibernate.tool.schema.spi.SchemaManagementException: Schema validation: missing table [accounts]
2026-05-08 21:32:14.880 [restartedMain] WARN  o.s.b.w.s.s.c.AnnotationConfigServletWebServerApplicationContext - Exception encountered during context initialization - cancelling refresh attempt: org.springframework.beans.factory.BeanCreationException: Error creating bean with name 'entityManagerFactory' defined in class path resource [org/springframework/boot/hibernate/autoconfigure/HibernateJpaConfiguration.class]: Unable to build Hibernate SessionFactory  [persistence unit: default] ; nested exception is org.hibernate.tool.schema.spi.SchemaManagementException: Schema validation: missing table [accounts]
2026-05-08 21:32:14.887 [restartedMain] INFO  com.zaxxer.hikari.HikariDataSource - HikariPool-1 - Shutdown initiated...
2026-05-08 21:32:15.255 [restartedMain] INFO  com.zaxxer.hikari.HikariDataSource - HikariPool-1 - Shutdown completed.
2026-05-08 21:32:15.267 [restartedMain] INFO  o.a.catalina.core.StandardService - Stopping service [Tomcat]
2026-05-08 21:32:15.418 [restartedMain] INFO  o.s.b.a.l.ConditionEvaluationReportLogger - 

Error starting ApplicationContext. To display the condition evaluation report re-run your application with 'debug' enabled.
2026-05-08 21:32:15.926 [restartedMain] ERROR o.s.boot.SpringApplication - Application run failed
org.springframework.beans.factory.BeanCreationException: Error creating bean with name 'entityManagerFactory' defined in class path resource [org/springframework/boot/hibernate/autoconfigure/HibernateJpaConfiguration.class]: Unable to build Hibernate SessionFactory  [persistence unit: default] ; nested exception is org.hibernate.tool.schema.spi.SchemaManagementException: Schema validation: missing table [accounts]
	at org.springframework.beans.factory.support.AbstractAutowireCapableBeanFactory.initializeBean(AbstractAutowireCapableBeanFactory.java:1817)
	at org.springframework.beans.factory.support.AbstractAutowireCapableBeanFactory.doCreateBean(AbstractAutowireCapableBeanFactory.java:603)
	at org.springframework.beans.factory.support.AbstractAutowireCapableBeanFactory.createBean(AbstractAutowireCapableBeanFactory.java:525)
	at org.springframework.beans.factory.support.AbstractBeanFactory.lambda$doGetBean$0(AbstractBeanFactory.java:333)
	at org.springframework.beans.factory.support.DefaultSingletonBeanRegistry.getSingleton(DefaultSingletonBeanRegistry.java:371)
	at org.springframework.beans.factory.support.AbstractBeanFactory.doGetBean(AbstractBeanFactory.java:331)
	at org.springframework.beans.factory.support.AbstractBeanFactory.getBean(AbstractBeanFactory.java:201)
	at org.springframework.context.support.AbstractApplicationContext.finishBeanFactoryInitialization(AbstractApplicationContext.java:977)
	at org.springframework.context.support.AbstractApplicationContext.refresh(AbstractApplicationContext.java:621)
	at org.springframework.boot.web.server.servlet.context.ServletWebServerApplicationContext.refresh(ServletWebServerApplicationContext.java:143)
	at org.springframework.boot.SpringApplication.refresh(SpringApplication.java:756)
	at org.springframework.boot.SpringApplication.refreshContext(SpringApplication.java:445)
	at org.springframework.boot.SpringApplication.run(SpringApplication.java:321)
	at org.springframework.boot.SpringApplication.run(SpringApplication.java:1365)
	at org.springframework.boot.SpringApplication.run(SpringApplication.java:1354)
	at com.bmb.bank_project.BankProjectApplication.main(BankProjectApplication.java:10)
	at java.base/jdk.internal.reflect.NativeMethodAccessorImpl.invoke0(Native Method)
	at java.base/jdk.internal.reflect.NativeMethodAccessorImpl.invoke(NativeMethodAccessorImpl.java:77)
	at java.base/jdk.internal.reflect.DelegatingMethodAccessorImpl.invoke(DelegatingMethodAccessorImpl.java:43)
	at java.base/java.lang.reflect.Method.invoke(Method.java:568)
	at org.springframework.boot.devtools.restart.RestartLauncher.run(RestartLauncher.java:52)
Caused by: jakarta.persistence.PersistenceException: Unable to build Hibernate SessionFactory  [persistence unit: default] ; nested exception is org.hibernate.tool.schema.spi.SchemaManagementException: Schema validation: missing table [accounts]
	at org.springframework.orm.jpa.AbstractEntityManagerFactoryBean.buildNativeEntityManagerFactory(AbstractEntityManagerFactoryBean.java:448)
	at org.springframework.orm.jpa.AbstractEntityManagerFactoryBean.afterPropertiesSet(AbstractEntityManagerFactoryBean.java:411)
	at org.springframework.orm.jpa.LocalContainerEntityManagerFactoryBean.afterPropertiesSet(LocalContainerEntityManagerFactoryBean.java:419)
	at org.springframework.beans.factory.support.AbstractAutowireCapableBeanFactory.invokeInitMethods(AbstractAutowireCapableBeanFactory.java:1864)
	at org.springframework.beans.factory.support.AbstractAutowireCapableBeanFactory.initializeBean(AbstractAutowireCapableBeanFactory.java:1813)
	... 20 common frames omitted
Caused by: org.hibernate.tool.schema.spi.SchemaManagementException: Schema validation: missing table [accounts]
	at org.hibernate.tool.schema.internal.AbstractSchemaValidator.validateTable(AbstractSchemaValidator.java:121)
	at org.hibernate.tool.schema.internal.GroupedSchemaValidatorImpl.validateTables(GroupedSchemaValidatorImpl.java:42)
	at org.hibernate.tool.schema.internal.AbstractSchemaValidator.performValidation(AbstractSchemaValidator.java:90)
	at org.hibernate.tool.schema.internal.AbstractSchemaValidator.doValidation(AbstractSchemaValidator.java:68)
	at org.hibernate.tool.schema.spi.SchemaManagementToolCoordinator.performDatabaseAction(SchemaManagementToolCoordinator.java:278)
	at org.hibernate.tool.schema.spi.SchemaManagementToolCoordinator.lambda$process$1(SchemaManagementToolCoordinator.java:101)
	at java.base/java.util.HashMap.forEach(HashMap.java:1421)
	at org.hibernate.tool.schema.spi.SchemaManagementToolCoordinator.process(SchemaManagementToolCoordinator.java:100)
	at org.hibernate.boot.internal.SessionFactoryObserverForSchemaExport.sessionFactoryCreated(SessionFactoryObserverForSchemaExport.java:35)
	at org.hibernate.internal.SessionFactoryObserverChain.sessionFactoryCreated(SessionFactoryObserverChain.java:33)
	at org.hibernate.internal.SessionFactoryImpl.<init>(SessionFactoryImpl.java:323)
	at org.hibernate.internal.SessionFactoryRegistry.instantiateSessionFactory(SessionFactoryRegistry.java:64)
	at org.hibernate.boot.internal.SessionFactoryBuilderImpl.build(SessionFactoryBuilderImpl.java:437)
	at org.hibernate.jpa.boot.internal.EntityManagerFactoryBuilderImpl.build(EntityManagerFactoryBuilderImpl.java:1456)
	at org.springframework.orm.jpa.vendor.SpringHibernateJpaPersistenceProvider.createContainerEntityManagerFactory(SpringHibernateJpaPersistenceProvider.java:93)
	at org.springframework.orm.jpa.LocalContainerEntityManagerFactoryBean.createNativeEntityManagerFactory(LocalContainerEntityManagerFactoryBean.java:443)
	at org.springframework.orm.jpa.AbstractEntityManagerFactoryBean.buildNativeEntityManagerFactory(AbstractEntityManagerFactoryBean.java:436)
	... 24 common frames omitted
2026-05-08 21:56:44.643 [restartedMain] INFO  c.b.b.BankProjectApplication - Starting BankProjectApplication using Java 17.0.9 with PID 12684 (D:\bmb_task\bank_project\target\classes started by seifi in D:\bmb_task\bank_project)
2026-05-08 21:56:44.767 [restartedMain] INFO  c.b.b.BankProjectApplication - No active profile set, falling back to 1 default profile: "default"
2026-05-08 21:56:45.859 [restartedMain] INFO  o.s.b.d.e.DevToolsPropertyDefaultsPostProcessor - Devtools property defaults active! Set 'spring.devtools.add-properties' to 'false' to disable
2026-05-08 21:56:45.860 [restartedMain] INFO  o.s.b.d.e.DevToolsPropertyDefaultsPostProcessor - For additional web related logging consider setting the 'logging.level.web' property to 'DEBUG'
2026-05-08 21:56:53.277 [background-preinit] INFO  o.h.validator.internal.util.Version - HV000001: Hibernate Validator 9.0.1.Final
2026-05-08 21:57:06.596 [restartedMain] INFO  o.s.d.r.c.RepositoryConfigurationDelegate - Bootstrapping Spring Data JPA repositories in DEFAULT mode.
2026-05-08 21:57:07.543 [restartedMain] INFO  o.s.d.r.c.RepositoryConfigurationDelegate - Finished Spring Data repository scanning in 675 ms. Found 2 JPA repository interfaces.
2026-05-08 21:57:17.272 [restartedMain] INFO  o.s.boot.tomcat.TomcatWebServer - Tomcat initialized with port 8080 (http)
2026-05-08 21:57:17.559 [restartedMain] INFO  o.a.coyote.http11.Http11NioProtocol - Initializing ProtocolHandler ["http-nio-8080"]
2026-05-08 21:57:17.564 [restartedMain] INFO  o.a.catalina.core.StandardService - Starting service [Tomcat]
2026-05-08 21:57:17.566 [restartedMain] INFO  o.a.catalina.core.StandardEngine - Starting Servlet engine: [Apache Tomcat/11.0.21]
2026-05-08 21:57:18.353 [restartedMain] INFO  o.s.b.w.c.s.WebApplicationContextInitializer - Root WebApplicationContext: initialization completed in 32488 ms
2026-05-08 21:57:27.143 [restartedMain] INFO  org.hibernate.orm.jpa - HHH008540: Processing PersistenceUnitInfo [name: default]
2026-05-08 21:57:28.388 [restartedMain] INFO  org.hibernate.orm.core - HHH000001: Hibernate ORM core version 7.2.12.Final
2026-05-08 21:57:35.182 [restartedMain] INFO  o.s.o.j.p.SpringPersistenceUnitInfo - No LoadTimeWeaver setup: ignoring JPA class transformer
2026-05-08 21:57:35.598 [restartedMain] INFO  com.zaxxer.hikari.HikariDataSource - HikariPool-1 - Starting...
2026-05-08 21:57:40.981 [restartedMain] INFO  com.zaxxer.hikari.pool.HikariPool - HikariPool-1 - Added connection ConnectionID:1 ClientConnectionId: f64743b2-a422-427d-a12d-9eac46919974
2026-05-08 21:57:40.995 [restartedMain] INFO  com.zaxxer.hikari.HikariDataSource - HikariPool-1 - Start completed.
2026-05-08 21:57:42.007 [restartedMain] INFO  o.hibernate.orm.connections.pooling - HHH10001005: Database info:
	Database JDBC URL [jdbc:sqlserver://localhost:1433;concatNullYieldsNull=ON;quotedIdentifier=ON;connectRetryInterval=10;connectRetryCount=1;maxResultBuffer=-1;sendTemporalDataTypesAsStringForBulkCopy=true;delayLoadingLobs=true;useFmtOnly=false;vectorTypeSupport=v1;cacheBulkCopyMetadata=false;bulkCopyForBatchInsertAllowEncryptedValueModifications=false;bulkCopyForBatchInsertTableLock=false;bulkCopyForBatchInsertKeepNulls=false;bulkCopyForBatchInsertKeepIdentity=false;bulkCopyForBatchInsertFireTriggers=false;bulkCopyForBatchInsertCheckConstraints=false;bulkCopyForBatchInsertBatchSize=0;useBulkCopyForBatchInsert=false;cancelQueryTimeout=-1;sslProtocol=TLS;calcBigDecimalPrecision=false;useDefaultJaasConfig=false;jaasConfigurationName=SQLJDBCDriver;statementPoolingCacheSize=0;serverPreparedStatementDiscardThreshold=10;enablePrepareOnFirstPreparedStatementCall=false;fips=false;socketTimeout=0;authentication=NotSpecified;authenticationScheme=nativeAuthentication;xopenStates=false;datetimeParameterType=datetime2;sendTimeAsDatetime=true;replication=false;trustStoreType=JKS;trustServerCertificate=true;TransparentNetworkIPResolution=true;iPAddressPreference=IPv4First;serverNameAsACE=false;sendStringParametersAsUnicode=true;selectMethod=direct;responseBuffering=adaptive;queryTimeout=-1;packetSize=8000;multiSubnetFailover=false;loginTimeout=30;lockTimeout=-1;lastUpdateCount=true;useDefaultGSSCredential=false;prepareMethod=prepexec;encrypt=true;disableStatementPooling=true;databaseName=bank_db;columnEncryptionSetting=Disabled;applicationName=Microsoft JDBC Driver for SQL Server;applicationIntent=readwrite;]
	Database driver: Microsoft JDBC Driver 13.2 for SQL Server
	Database dialect: SQLServerDialect
	Database version: 16.0
	Default catalog/schema: bank_db/dbo
	Autocommit mode: undefined/unknown
	Isolation level: READ_COMMITTED [default READ_COMMITTED]
	JDBC fetch size: 128
	Pool: DataSourceConnectionProvider
	Minimum pool size: undefined/unknown
	Maximum pool size: undefined/unknown
2026-05-08 21:57:54.940 [restartedMain] INFO  org.hibernate.orm.core - HHH000489: No JTA platform available (set 'hibernate.transaction.jta.platform' to enable JTA platform integration)
2026-05-08 21:57:56.939 [restartedMain] INFO  o.s.o.j.LocalContainerEntityManagerFactoryBean - Initialized JPA EntityManagerFactory for persistence unit 'default'
2026-05-08 21:58:02.940 [restartedMain] INFO  o.s.d.j.r.q.QueryEnhancerFactories - Hibernate is in classpath; If applicable, HQL parser will be used.
2026-05-08 21:58:08.155 [restartedMain] WARN  o.s.b.w.s.s.c.AnnotationConfigServletWebServerApplicationContext - Exception encountered during context initialization - cancelling refresh attempt: org.springframework.beans.factory.UnsatisfiedDependencyException: Error creating bean with name 'accountController' defined in file [D:\bmb_task\bank_project\target\classes\com\bmb\bank_project\controller\AccountController.class]: Unsatisfied dependency expressed through constructor parameter 0: Error creating bean with name 'accountService' defined in file [D:\bmb_task\bank_project\target\classes\com\bmb\bank_project\service\AccountService.class]: Unsatisfied dependency expressed through constructor parameter 0: Error creating bean with name 'accountRepository' defined in com.bmb.bank_project.repository.AccountRepository defined in @EnableJpaRepositories declared on DataJpaRepositoriesRegistrar.EnableJpaRepositoriesConfiguration: No property 'number' found for type 'Cif'; Traversed path: Account.cif
2026-05-08 21:58:08.157 [restartedMain] INFO  o.s.o.j.LocalContainerEntityManagerFactoryBean - Closing JPA EntityManagerFactory for persistence unit 'default'
2026-05-08 21:58:08.201 [restartedMain] INFO  com.zaxxer.hikari.HikariDataSource - HikariPool-1 - Shutdown initiated...
2026-05-08 21:58:08.651 [restartedMain] INFO  com.zaxxer.hikari.HikariDataSource - HikariPool-1 - Shutdown completed.
2026-05-08 21:58:08.665 [restartedMain] INFO  o.a.catalina.core.StandardService - Stopping service [Tomcat]
2026-05-08 21:58:08.849 [restartedMain] INFO  o.s.b.a.l.ConditionEvaluationReportLogger - 

Error starting ApplicationContext. To display the condition evaluation report re-run your application with 'debug' enabled.
2026-05-08 21:58:09.612 [restartedMain] ERROR o.s.boot.SpringApplication - Application run failed
org.springframework.beans.factory.UnsatisfiedDependencyException: Error creating bean with name 'accountController' defined in file [D:\bmb_task\bank_project\target\classes\com\bmb\bank_project\controller\AccountController.class]: Unsatisfied dependency expressed through constructor parameter 0: Error creating bean with name 'accountService' defined in file [D:\bmb_task\bank_project\target\classes\com\bmb\bank_project\service\AccountService.class]: Unsatisfied dependency expressed through constructor parameter 0: Error creating bean with name 'accountRepository' defined in com.bmb.bank_project.repository.AccountRepository defined in @EnableJpaRepositories declared on DataJpaRepositoriesRegistrar.EnableJpaRepositoriesConfiguration: No property 'number' found for type 'Cif'; Traversed path: Account.cif
	at org.springframework.beans.factory.support.ConstructorResolver.createArgumentArray(ConstructorResolver.java:804)
	at org.springframework.beans.factory.support.ConstructorResolver.autowireConstructor(ConstructorResolver.java:240)
	at org.springframework.beans.factory.support.AbstractAutowireCapableBeanFactory.autowireConstructor(AbstractAutowireCapableBeanFactory.java:1382)
	at org.springframework.beans.factory.support.AbstractAutowireCapableBeanFactory.createBeanInstance(AbstractAutowireCapableBeanFactory.java:1221)
	at org.springframework.beans.factory.support.AbstractAutowireCapableBeanFactory.doCreateBean(AbstractAutowireCapableBeanFactory.java:565)
	at org.springframework.beans.factory.support.AbstractAutowireCapableBeanFactory.createBean(AbstractAutowireCapableBeanFactory.java:525)
	at org.springframework.beans.factory.support.AbstractBeanFactory.lambda$doGetBean$0(AbstractBeanFactory.java:333)
	at org.springframework.beans.factory.support.DefaultSingletonBeanRegistry.getSingleton(DefaultSingletonBeanRegistry.java:371)
	at org.springframework.beans.factory.support.AbstractBeanFactory.doGetBean(AbstractBeanFactory.java:331)
	at org.springframework.beans.factory.support.AbstractBeanFactory.getBean(AbstractBeanFactory.java:196)
	at org.springframework.beans.factory.support.DefaultListableBeanFactory.instantiateSingleton(DefaultListableBeanFactory.java:1218)
	at org.springframework.beans.factory.support.DefaultListableBeanFactory.preInstantiateSingleton(DefaultListableBeanFactory.java:1184)
	at org.springframework.beans.factory.support.DefaultListableBeanFactory.preInstantiateSingletons(DefaultListableBeanFactory.java:1121)
	at org.springframework.context.support.AbstractApplicationContext.finishBeanFactoryInitialization(AbstractApplicationContext.java:994)
	at org.springframework.context.support.AbstractApplicationContext.refresh(AbstractApplicationContext.java:621)
	at org.springframework.boot.web.server.servlet.context.ServletWebServerApplicationContext.refresh(ServletWebServerApplicationContext.java:143)
	at org.springframework.boot.SpringApplication.refresh(SpringApplication.java:756)
	at org.springframework.boot.SpringApplication.refreshContext(SpringApplication.java:445)
	at org.springframework.boot.SpringApplication.run(SpringApplication.java:321)
	at org.springframework.boot.SpringApplication.run(SpringApplication.java:1365)
	at org.springframework.boot.SpringApplication.run(SpringApplication.java:1354)
	at com.bmb.bank_project.BankProjectApplication.main(BankProjectApplication.java:10)
	at java.base/jdk.internal.reflect.NativeMethodAccessorImpl.invoke0(Native Method)
	at java.base/jdk.internal.reflect.NativeMethodAccessorImpl.invoke(NativeMethodAccessorImpl.java:77)
	at java.base/jdk.internal.reflect.DelegatingMethodAccessorImpl.invoke(DelegatingMethodAccessorImpl.java:43)
	at java.base/java.lang.reflect.Method.invoke(Method.java:568)
	at org.springframework.boot.devtools.restart.RestartLauncher.run(RestartLauncher.java:52)
Caused by: org.springframework.beans.factory.UnsatisfiedDependencyException: Error creating bean with name 'accountService' defined in file [D:\bmb_task\bank_project\target\classes\com\bmb\bank_project\service\AccountService.class]: Unsatisfied dependency expressed through constructor parameter 0: Error creating bean with name 'accountRepository' defined in com.bmb.bank_project.repository.AccountRepository defined in @EnableJpaRepositories declared on DataJpaRepositoriesRegistrar.EnableJpaRepositoriesConfiguration: No property 'number' found for type 'Cif'; Traversed path: Account.cif
	at org.springframework.beans.factory.support.ConstructorResolver.createArgumentArray(ConstructorResolver.java:804)
	at org.springframework.beans.factory.support.ConstructorResolver.autowireConstructor(ConstructorResolver.java:240)
	at org.springframework.beans.factory.support.AbstractAutowireCapableBeanFactory.autowireConstructor(AbstractAutowireCapableBeanFactory.java:1382)
	at org.springframework.beans.factory.support.AbstractAutowireCapableBeanFactory.createBeanInstance(AbstractAutowireCapableBeanFactory.java:1221)
	at org.springframework.beans.factory.support.AbstractAutowireCapableBeanFactory.doCreateBean(AbstractAutowireCapableBeanFactory.java:565)
	at org.springframework.beans.factory.support.AbstractAutowireCapableBeanFactory.createBean(AbstractAutowireCapableBeanFactory.java:525)
	at org.springframework.beans.factory.support.AbstractBeanFactory.lambda$doGetBean$0(AbstractBeanFactory.java:333)
	at org.springframework.beans.factory.support.DefaultSingletonBeanRegistry.getSingleton(DefaultSingletonBeanRegistry.java:371)
	at org.springframework.beans.factory.support.AbstractBeanFactory.doGetBean(AbstractBeanFactory.java:331)
	at org.springframework.beans.factory.support.AbstractBeanFactory.getBean(AbstractBeanFactory.java:201)
	at org.springframework.beans.factory.support.DefaultListableBeanFactory.resolveBean(DefaultListableBeanFactory.java:1225)
	at org.springframework.beans.factory.support.DefaultListableBeanFactory.doResolveDependency(DefaultListableBeanFactory.java:1704)
	at org.springframework.beans.factory.support.DefaultListableBeanFactory.resolveDependency(DefaultListableBeanFactory.java:1651)
	at org.springframework.beans.factory.support.ConstructorResolver.resolveAutowiredArgument(ConstructorResolver.java:912)
	at org.springframework.beans.factory.support.ConstructorResolver.createArgumentArray(ConstructorResolver.java:791)
	... 26 common frames omitted
Caused by: org.springframework.beans.factory.BeanCreationException: Error creating bean with name 'accountRepository' defined in com.bmb.bank_project.repository.AccountRepository defined in @EnableJpaRepositories declared on DataJpaRepositoriesRegistrar.EnableJpaRepositoriesConfiguration: No property 'number' found for type 'Cif'; Traversed path: Account.cif
	at org.springframework.beans.factory.support.AbstractAutowireCapableBeanFactory.initializeBean(AbstractAutowireCapableBeanFactory.java:1817)
	at org.springframework.beans.factory.support.AbstractAutowireCapableBeanFactory.doCreateBean(AbstractAutowireCapableBeanFactory.java:603)
	at org.springframework.beans.factory.support.AbstractAutowireCapableBeanFactory.createBean(AbstractAutowireCapableBeanFactory.java:525)
	at org.springframework.beans.factory.support.AbstractBeanFactory.lambda$doGetBean$0(AbstractBeanFactory.java:333)
	at org.springframework.beans.factory.support.DefaultSingletonBeanRegistry.getSingleton(DefaultSingletonBeanRegistry.java:371)
	at org.springframework.beans.factory.support.AbstractBeanFactory.doGetBean(AbstractBeanFactory.java:331)
	at org.springframework.beans.factory.support.AbstractBeanFactory.getBean(AbstractBeanFactory.java:201)
	at org.springframework.beans.factory.support.DefaultListableBeanFactory.resolveBean(DefaultListableBeanFactory.java:1225)
	at org.springframework.beans.factory.support.DefaultListableBeanFactory.doResolveDependency(DefaultListableBeanFactory.java:1704)
	at org.springframework.beans.factory.support.DefaultListableBeanFactory.resolveDependency(DefaultListableBeanFactory.java:1651)
	at org.springframework.beans.factory.support.ConstructorResolver.resolveAutowiredArgument(ConstructorResolver.java:912)
	at org.springframework.beans.factory.support.ConstructorResolver.createArgumentArray(ConstructorResolver.java:791)
	... 40 common frames omitted
Caused by: org.springframework.data.repository.query.QueryCreationException: Cannot create query for method [AccountRepository.findByIdAndCifNumber(java.lang.Long,java.lang.String)]; No property 'number' found for type 'Cif'; Traversed path: Account.cif
	at org.springframework.data.repository.query.QueryCreationException.create(QueryCreationException.java:109)
	at org.springframework.data.jpa.repository.query.PartTreeJpaQuery.<init>(PartTreeJpaQuery.java:114)
	at org.springframework.data.jpa.repository.query.JpaQueryLookupStrategy$CreateQueryLookupStrategy.resolveQuery(JpaQueryLookupStrategy.java:118)
	at org.springframework.data.jpa.repository.query.JpaQueryLookupStrategy$CreateIfNotFoundQueryLookupStrategy.resolveQuery(JpaQueryLookupStrategy.java:291)
	at org.springframework.data.jpa.repository.query.JpaQueryLookupStrategy$AbstractQueryLookupStrategy.resolveQuery(JpaQueryLookupStrategy.java:93)
	at org.springframework.data.repository.core.support.QueryExecutorMethodInterceptor.lookupQuery(QueryExecutorMethodInterceptor.java:114)
	at org.springframework.data.repository.core.support.QueryExecutorMethodInterceptor.mapMethodsToQuery(QueryExecutorMethodInterceptor.java:102)
	at org.springframework.data.repository.core.support.QueryExecutorMethodInterceptor.<init>(QueryExecutorMethodInterceptor.java:90)
	at org.springframework.data.repository.core.support.RepositoryFactorySupport.getRepository(RepositoryFactorySupport.java:413)
	at org.springframework.data.repository.core.support.RepositoryFactoryBeanSupport.lambda$afterPropertiesSet$1(RepositoryFactoryBeanSupport.java:361)
	at org.springframework.data.util.Lazy.getNullable(Lazy.java:136)
	at org.springframework.data.util.Lazy.get(Lazy.java:114)
	at org.springframework.data.repository.core.support.RepositoryFactoryBeanSupport.afterPropertiesSet(RepositoryFactoryBeanSupport.java:370)
	at org.springframework.data.jpa.repository.support.JpaRepositoryFactoryBean.afterPropertiesSet(JpaRepositoryFactoryBean.java:212)
	at org.springframework.beans.factory.support.AbstractAutowireCapableBeanFactory.invokeInitMethods(AbstractAutowireCapableBeanFactory.java:1864)
	at org.springframework.beans.factory.support.AbstractAutowireCapableBeanFactory.initializeBean(AbstractAutowireCapableBeanFactory.java:1813)
	... 51 common frames omitted
Caused by: org.springframework.data.core.PropertyReferenceException: No property 'number' found for type 'Cif'; Traversed path: Account.cif
	at org.springframework.data.core.SimplePropertyPath.<init>(SimplePropertyPath.java:93)
	at org.springframework.data.core.SimplePropertyPath.create(SimplePropertyPath.java:360)
	at org.springframework.data.core.SimplePropertyPath.create(SimplePropertyPath.java:335)
	at org.springframework.data.core.SimplePropertyPath.create(SimplePropertyPath.java:370)
	at org.springframework.data.core.SimplePropertyPath.create(SimplePropertyPath.java:393)
	at org.springframework.data.core.SimplePropertyPath.create(SimplePropertyPath.java:335)
	at org.springframework.data.core.SimplePropertyPath.lambda$from$0(SimplePropertyPath.java:288)
	at org.springframework.util.ConcurrentReferenceHashMap$6.execute(ConcurrentReferenceHashMap.java:387)
	at org.springframework.util.ConcurrentReferenceHashMap$Segment.doTask(ConcurrentReferenceHashMap.java:681)
	at org.springframework.util.ConcurrentReferenceHashMap.doTask(ConcurrentReferenceHashMap.java:565)
	at org.springframework.util.ConcurrentReferenceHashMap.computeIfAbsent(ConcurrentReferenceHashMap.java:381)
	at org.springframework.data.core.SimplePropertyPath.from(SimplePropertyPath.java:270)
	at org.springframework.data.core.PropertyPath.from(PropertyPath.java:210)
	at org.springframework.data.core.PropertyPath.from(PropertyPath.java:193)
	at org.springframework.data.repository.query.parser.Part.<init>(Part.java:81)
	at org.springframework.data.repository.query.parser.PartTree$OrPart.lambda$new$0(PartTree.java:260)
	at java.base/java.util.stream.ReferencePipeline$3$1.accept(ReferencePipeline.java:197)
	at java.base/java.util.stream.ReferencePipeline$2$1.accept(ReferencePipeline.java:179)
	at java.base/java.util.Spliterators$ArraySpliterator.forEachRemaining(Spliterators.java:992)
	at java.base/java.util.stream.AbstractPipeline.copyInto(AbstractPipeline.java:509)
	at java.base/java.util.stream.AbstractPipeline.wrapAndCopyInto(AbstractPipeline.java:499)
	at java.base/java.util.stream.ReduceOps$ReduceOp.evaluateSequential(ReduceOps.java:921)
	at java.base/java.util.stream.AbstractPipeline.evaluate(AbstractPipeline.java:234)
	at java.base/java.util.stream.ReferencePipeline.collect(ReferencePipeline.java:682)
	at org.springframework.data.repository.query.parser.PartTree$OrPart.<init>(PartTree.java:261)
	at org.springframework.data.repository.query.parser.PartTree$Predicate.lambda$new$0(PartTree.java:390)
	at java.base/java.util.stream.ReferencePipeline$3$1.accept(ReferencePipeline.java:197)
	at java.base/java.util.stream.ReferencePipeline$2$1.accept(ReferencePipeline.java:179)
	at java.base/java.util.Spliterators$ArraySpliterator.forEachRemaining(Spliterators.java:992)
	at java.base/java.util.stream.AbstractPipeline.copyInto(AbstractPipeline.java:509)
	at java.base/java.util.stream.AbstractPipeline.wrapAndCopyInto(AbstractPipeline.java:499)
	at java.base/java.util.stream.ReduceOps$ReduceOp.evaluateSequential(ReduceOps.java:921)
	at java.base/java.util.stream.AbstractPipeline.evaluate(AbstractPipeline.java:234)
	at java.base/java.util.stream.ReferencePipeline.collect(ReferencePipeline.java:682)
	at org.springframework.data.repository.query.parser.PartTree$Predicate.<init>(PartTree.java:391)
	at org.springframework.data.repository.query.parser.PartTree.<init>(PartTree.java:104)
	at org.springframework.data.jpa.repository.query.PartTreeJpaQuery.<init>(PartTreeJpaQuery.java:108)
	... 65 common frames omitted
2026-05-08 22:04:19.577 [restartedMain] INFO  c.b.b.BankProjectApplication - Starting BankProjectApplication using Java 17.0.9 with PID 14996 (D:\bmb_task\bank_project\target\classes started by seifi in D:\bmb_task\bank_project)
2026-05-08 22:04:19.600 [restartedMain] INFO  c.b.b.BankProjectApplication - No active profile set, falling back to 1 default profile: "default"
2026-05-08 22:04:20.361 [restartedMain] INFO  o.s.b.d.e.DevToolsPropertyDefaultsPostProcessor - Devtools property defaults active! Set 'spring.devtools.add-properties' to 'false' to disable
2026-05-08 22:04:20.363 [restartedMain] INFO  o.s.b.d.e.DevToolsPropertyDefaultsPostProcessor - For additional web related logging consider setting the 'logging.level.web' property to 'DEBUG'
2026-05-08 22:04:45.867 [background-preinit] INFO  o.h.validator.internal.util.Version - HV000001: Hibernate Validator 9.0.1.Final
2026-05-08 22:05:18.961 [restartedMain] INFO  o.s.d.r.c.RepositoryConfigurationDelegate - Bootstrapping Spring Data JPA repositories in DEFAULT mode.
2026-05-08 22:05:19.671 [restartedMain] INFO  o.s.d.r.c.RepositoryConfigurationDelegate - Finished Spring Data repository scanning in 643 ms. Found 2 JPA repository interfaces.
2026-05-08 22:05:28.719 [restartedMain] INFO  o.s.boot.tomcat.TomcatWebServer - Tomcat initialized with port 8080 (http)
2026-05-08 22:05:28.840 [restartedMain] INFO  o.a.coyote.http11.Http11NioProtocol - Initializing ProtocolHandler ["http-nio-8080"]
2026-05-08 22:05:28.846 [restartedMain] INFO  o.a.catalina.core.StandardService - Starting service [Tomcat]
2026-05-08 22:05:28.847 [restartedMain] INFO  o.a.catalina.core.StandardEngine - Starting Servlet engine: [Apache Tomcat/11.0.21]
2026-05-08 22:05:30.210 [restartedMain] INFO  o.s.b.w.c.s.WebApplicationContextInitializer - Root WebApplicationContext: initialization completed in 69841 ms
2026-05-08 22:05:37.109 [restartedMain] INFO  org.hibernate.orm.jpa - HHH008540: Processing PersistenceUnitInfo [name: default]
2026-05-08 22:05:37.453 [restartedMain] INFO  org.hibernate.orm.core - HHH000001: Hibernate ORM core version 7.2.12.Final
2026-05-08 22:05:46.872 [restartedMain] INFO  o.s.o.j.p.SpringPersistenceUnitInfo - No LoadTimeWeaver setup: ignoring JPA class transformer
2026-05-08 22:05:47.271 [restartedMain] INFO  com.zaxxer.hikari.HikariDataSource - HikariPool-1 - Starting...
2026-05-08 22:05:49.890 [restartedMain] INFO  com.zaxxer.hikari.pool.HikariPool - HikariPool-1 - Added connection ConnectionID:1 ClientConnectionId: c92f54c9-abf3-4c2b-8ac9-106c5d199513
2026-05-08 22:05:49.897 [restartedMain] INFO  com.zaxxer.hikari.HikariDataSource - HikariPool-1 - Start completed.
2026-05-08 22:05:51.215 [restartedMain] INFO  o.hibernate.orm.connections.pooling - HHH10001005: Database info:
	Database JDBC URL [jdbc:sqlserver://localhost:1433;concatNullYieldsNull=ON;quotedIdentifier=ON;connectRetryInterval=10;connectRetryCount=1;maxResultBuffer=-1;sendTemporalDataTypesAsStringForBulkCopy=true;delayLoadingLobs=true;useFmtOnly=false;vectorTypeSupport=v1;cacheBulkCopyMetadata=false;bulkCopyForBatchInsertAllowEncryptedValueModifications=false;bulkCopyForBatchInsertTableLock=false;bulkCopyForBatchInsertKeepNulls=false;bulkCopyForBatchInsertKeepIdentity=false;bulkCopyForBatchInsertFireTriggers=false;bulkCopyForBatchInsertCheckConstraints=false;bulkCopyForBatchInsertBatchSize=0;useBulkCopyForBatchInsert=false;cancelQueryTimeout=-1;sslProtocol=TLS;calcBigDecimalPrecision=false;useDefaultJaasConfig=false;jaasConfigurationName=SQLJDBCDriver;statementPoolingCacheSize=0;serverPreparedStatementDiscardThreshold=10;enablePrepareOnFirstPreparedStatementCall=false;fips=false;socketTimeout=0;authentication=NotSpecified;authenticationScheme=nativeAuthentication;xopenStates=false;datetimeParameterType=datetime2;sendTimeAsDatetime=true;replication=false;trustStoreType=JKS;trustServerCertificate=true;TransparentNetworkIPResolution=true;iPAddressPreference=IPv4First;serverNameAsACE=false;sendStringParametersAsUnicode=true;selectMethod=direct;responseBuffering=adaptive;queryTimeout=-1;packetSize=8000;multiSubnetFailover=false;loginTimeout=30;lockTimeout=-1;lastUpdateCount=true;useDefaultGSSCredential=false;prepareMethod=prepexec;encrypt=true;disableStatementPooling=true;databaseName=bank_db;columnEncryptionSetting=Disabled;applicationName=Microsoft JDBC Driver for SQL Server;applicationIntent=readwrite;]
	Database driver: Microsoft JDBC Driver 13.2 for SQL Server
	Database dialect: SQLServerDialect
	Database version: 16.0
	Default catalog/schema: bank_db/dbo
	Autocommit mode: undefined/unknown
	Isolation level: READ_COMMITTED [default READ_COMMITTED]
	JDBC fetch size: 128
	Pool: DataSourceConnectionProvider
	Minimum pool size: undefined/unknown
	Maximum pool size: undefined/unknown
2026-05-08 22:06:02.917 [restartedMain] INFO  org.hibernate.orm.core - HHH000489: No JTA platform available (set 'hibernate.transaction.jta.platform' to enable JTA platform integration)
2026-05-08 22:06:12.829 [restartedMain] INFO  o.s.o.j.LocalContainerEntityManagerFactoryBean - Initialized JPA EntityManagerFactory for persistence unit 'default'
2026-05-08 22:06:14.389 [restartedMain] INFO  o.s.d.j.r.q.QueryEnhancerFactories - Hibernate is in classpath; If applicable, HQL parser will be used.
2026-05-08 22:06:23.639 [restartedMain] WARN  o.s.b.j.a.JpaBaseConfiguration$JpaWebConfiguration - spring.jpa.open-in-view is enabled by default. Therefore, database queries may be performed during view rendering. Explicitly configure spring.jpa.open-in-view to disable this warning
2026-05-08 22:06:25.125 [restartedMain] WARN  o.s.b.s.a.UserDetailsServiceAutoConfiguration - 

Using generated security password: 7670313a-5f7f-4c6b-8587-fd77e81ac0ce

This generated password is for development use only. Your security configuration must be updated before running your application in production.

2026-05-08 22:06:25.568 [restartedMain] INFO  o.s.s.c.a.a.c.InitializeUserDetailsBeanManagerConfigurer$InitializeUserDetailsManagerConfigurer - Global AuthenticationManager configured with UserDetailsService bean with name inMemoryUserDetailsManager
2026-05-08 22:06:51.437 [restartedMain] INFO  o.a.coyote.http11.Http11NioProtocol - Starting ProtocolHandler ["http-nio-8080"]
2026-05-08 22:06:51.679 [restartedMain] WARN  o.s.b.w.s.s.c.AnnotationConfigServletWebServerApplicationContext - Exception encountered during context initialization - cancelling refresh attempt: org.springframework.context.ApplicationContextException: Failed to start bean 'webServerStartStop'
2026-05-08 22:06:51.699 [restartedMain] INFO  o.s.o.j.LocalContainerEntityManagerFactoryBean - Closing JPA EntityManagerFactory for persistence unit 'default'
2026-05-08 22:06:53.150 [restartedMain] INFO  com.zaxxer.hikari.HikariDataSource - HikariPool-1 - Shutdown initiated...
2026-05-08 22:06:53.857 [restartedMain] INFO  com.zaxxer.hikari.HikariDataSource - HikariPool-1 - Shutdown completed.
2026-05-08 22:06:54.355 [restartedMain] INFO  o.s.b.a.l.ConditionEvaluationReportLogger - 

Error starting ApplicationContext. To display the condition evaluation report re-run your application with 'debug' enabled.
2026-05-08 22:06:54.697 [restartedMain] ERROR o.s.b.d.LoggingFailureAnalysisReporter - 

***************************
APPLICATION FAILED TO START
***************************

Description:

Web server failed to start. Port 8080 was already in use.

Action:

Identify and stop the process that's listening on port 8080 or configure this application to listen on another port.

C:\Users\seifi>

C:\Users\seifi>docker logs -f bank_app

  .   ____          _            __ _ _
 /\\ / ___'_ __ _ _(_)_ __  __ _ \ \ \ \
( ( )\___ | '_ | '_| | '_ \/ _` | \ \ \ \
 \\/  ___)| |_)| | | | | || (_| |  ) ) ) )
  '  |____| .__|_| |_|_| |_\__, | / / / /
 =========|_|==============|___/=/_/_/_/

 :: Spring Boot ::                (v4.0.6)

2026-05-10 14:41:28.347 [main] INFO  c.b.b.BankProjectApplication - Starting BankProjectApplication v0.0.1-SNAPSHOT using Java 17.0.19 with PID 1 (/app/app.jar started by root in /app)
2026-05-10 14:41:28.537 [main] INFO  c.b.b.BankProjectApplication - The following 1 profile is active: "docker"
2026-05-10 14:42:05.012 [background-preinit] INFO  o.h.validator.internal.util.Version - HV000001: Hibernate Validator 9.0.1.Final
2026-05-10 14:42:30.604 [main] INFO  o.s.d.r.c.RepositoryConfigurationDelegate - Bootstrapping Spring Data JPA repositories in DEFAULT mode.
2026-05-10 14:42:33.236 [main] INFO  o.s.d.r.c.RepositoryConfigurationDelegate - Finished Spring Data repository scanning in 1882 ms. Found 2 JPA repository interfaces.
2026-05-10 14:42:59.432 [main] INFO  o.s.boot.tomcat.TomcatWebServer - Tomcat initialized with port 8080 (http)
2026-05-10 14:42:59.770 [main] INFO  o.a.coyote.http11.Http11NioProtocol - Initializing ProtocolHandler ["http-nio-8080"]
2026-05-10 14:42:59.882 [main] INFO  o.a.catalina.core.StandardService - Starting service [Tomcat]
2026-05-10 14:42:59.894 [main] INFO  o.a.catalina.core.StandardEngine - Starting Servlet engine: [Apache Tomcat/11.0.21]
2026-05-10 14:43:01.963 [main] INFO  o.s.b.w.c.s.WebApplicationContextInitializer - Root WebApplicationContext: initialization completed in 89657 ms
2026-05-10 14:43:13.191 [main] INFO  org.hibernate.orm.jpa - HHH008540: Processing PersistenceUnitInfo [name: default]
2026-05-10 14:43:18.561 [main] INFO  org.hibernate.orm.core - HHH000001: Hibernate ORM core version 7.2.12.Final
2026-05-10 14:43:40.284 [main] INFO  o.s.o.j.p.SpringPersistenceUnitInfo - No LoadTimeWeaver setup: ignoring JPA class transformer
2026-05-10 14:43:42.715 [main] INFO  com.zaxxer.hikari.HikariDataSource - HikariPool-1 - Starting...
2026-05-10 14:43:58.566 [main] INFO  com.zaxxer.hikari.pool.HikariPool - HikariPool-1 - Added connection ConnectionID:1 ClientConnectionId: 9a2d21c1-ecfe-4188-9a09-0d72de3216a8
2026-05-10 14:43:58.657 [main] INFO  com.zaxxer.hikari.HikariDataSource - HikariPool-1 - Start completed.
2026-05-10 14:44:04.467 [main] INFO  o.hibernate.orm.connections.pooling - HHH10001005: Database info:
        Database JDBC URL [jdbc:sqlserver://mssql:1433;concatNullYieldsNull=ON;quotedIdentifier=ON;connectRetryInterval=10;connectRetryCount=1;maxResultBuffer=-1;sendTemporalDataTypesAsStringForBulkCopy=true;delayLoadingLobs=true;useFmtOnly=false;vectorTypeSupport=v1;cacheBulkCopyMetadata=false;bulkCopyForBatchInsertAllowEncryptedValueModifications=false;bulkCopyForBatchInsertTableLock=false;bulkCopyForBatchInsertKeepNulls=false;bulkCopyForBatchInsertKeepIdentity=false;bulkCopyForBatchInsertFireTriggers=false;bulkCopyForBatchInsertCheckConstraints=false;bulkCopyForBatchInsertBatchSize=0;useBulkCopyForBatchInsert=false;cancelQueryTimeout=-1;sslProtocol=TLS;calcBigDecimalPrecision=false;useDefaultJaasConfig=false;jaasConfigurationName=SQLJDBCDriver;statementPoolingCacheSize=0;serverPreparedStatementDiscardThreshold=10;enablePrepareOnFirstPreparedStatementCall=false;fips=false;socketTimeout=0;authentication=NotSpecified;authenticationScheme=nativeAuthentication;xopenStates=false;datetimeParameterType=datetime2;sendTimeAsDatetime=true;replication=false;trustStoreType=JKS;trustServerCertificate=true;TransparentNetworkIPResolution=true;iPAddressPreference=IPv4First;serverNameAsACE=false;sendStringParametersAsUnicode=true;selectMethod=direct;responseBuffering=adaptive;queryTimeout=-1;packetSize=8000;multiSubnetFailover=false;loginTimeout=30;lockTimeout=-1;lastUpdateCount=true;useDefaultGSSCredential=false;prepareMethod=prepexec;encrypt=true;disableStatementPooling=true;databaseName=bank_db;columnEncryptionSetting=Disabled;applicationName=Microsoft JDBC Driver for SQL Server;applicationIntent=readwrite;]
        Database driver: Microsoft JDBC Driver 13.2 for SQL Server
        Database dialect: SQLServerDialect
        Database version: 16.0
        Default catalog/schema: bank_db/dbo
        Autocommit mode: undefined/unknown
        Isolation level: READ_COMMITTED [default READ_COMMITTED]
        JDBC fetch size: 128
        Pool: DataSourceConnectionProvider
        Minimum pool size: undefined/unknown
        Maximum pool size: undefined/unknown
2026-05-10 14:44:53.494 [main] INFO  org.hibernate.orm.core - HHH000489: No JTA platform available (set 'hibernate.transaction.jta.platform' to enable JTA platform integration)
2026-05-10 14:45:16.916 [main] INFO  o.s.o.j.LocalContainerEntityManagerFactoryBean - Initialized JPA EntityManagerFactory for persistence unit 'default'
2026-05-10 14:45:27.930 [main] INFO  o.s.d.j.r.q.QueryEnhancerFactories - Hibernate is in classpath; If applicable, HQL parser will be used.
2026-05-10 14:45:45.960 [main] WARN  o.s.b.j.a.JpaBaseConfiguration$JpaWebConfiguration - spring.jpa.open-in-view is enabled by default. Therefore, database queries may be performed during view rendering. Explicitly configure spring.jpa.open-in-view to disable this warning
2026-05-10 14:45:49.322 [main] WARN  o.s.b.s.a.UserDetailsServiceAutoConfiguration -

Using generated security password: fef92750-d291-4e2d-8177-47cf0531b6d1

This generated password is for development use only. Your security configuration must be updated before running your application in production.

2026-05-10 14:45:49.520 [main] INFO  o.s.s.c.a.a.c.InitializeUserDetailsBeanManagerConfigurer$InitializeUserDetailsManagerConfigurer - Global AuthenticationManager configured with UserDetailsService bean with name inMemoryUserDetailsManager
2026-05-10 14:46:41.158 [main] INFO  o.a.coyote.http11.Http11NioProtocol - Starting ProtocolHandler ["http-nio-8080"]
2026-05-10 14:46:41.991 [main] INFO  o.s.boot.tomcat.TomcatWebServer - Tomcat started on port 8080 (http) with context path '/'
2026-05-10 14:46:43.595 [main] INFO  c.b.b.BankProjectApplication - Started BankProjectApplication in 346.055 seconds (process running for 402.491)
2026-05-10 14:47:00.931 [http-nio-8080-exec-1] INFO  o.a.c.c.C.[Tomcat].[localhost].[/] - Initializing Spring DispatcherServlet 'dispatcherServlet'
2026-05-10 14:47:00.944 [http-nio-8080-exec-1] INFO  o.s.web.servlet.DispatcherServlet - Initializing Servlet 'dispatcherServlet'
2026-05-10 14:47:00.981 [http-nio-8080-exec-1] INFO  o.s.web.servlet.DispatcherServlet - Completed initialization in 36 ms
2026-05-10 14:48:27.743 [http-nio-8080-exec-4] INFO  o.s.api.AbstractOpenApiResource - Init duration for springdoc-openapi is: 49744 ms
2026-05-10 14:53:06.321 [mssql-timeout-task-1-d690de07-d5c1-49c3-886a-e13f42ec04c2] WARN  c.m.s.jdbc.internals.TDS.Command - TDSCommand@257c20b2 (SQLServerStatement:54 executeXXX): Command could not be timed out. Reason: Connection or outbound has been closed
2026-05-10 14:53:06.651 [HikariPool-1:housekeeper] WARN  com.zaxxer.hikari.pool.PoolBase - HikariPool-1 - Failed to validate connection ConnectionID:4 ClientConnectionId: d690de07-d5c1-49c3-886a-e13f42ec04c2 (The connection is closed.). Possibly consider using a shorter maxLifetime value.
2026-05-10 14:54:26.457 [HikariPool-1:housekeeper] WARN  com.zaxxer.hikari.pool.PoolBase - HikariPool-1 - Failed to validate connection ConnectionID:9 ClientConnectionId: 0d04a425-7861-41d5-9c9e-5d3d55661662 (The connection is closed.). Possibly consider using a shorter maxLifetime value.
2026-05-10 14:54:34.775 [HikariPool-1:housekeeper] WARN  com.zaxxer.hikari.pool.PoolBase - HikariPool-1 - Failed to validate connection ConnectionID:6 ClientConnectionId: 3a560e3b-106b-4a83-95ec-99e5794bffae (The connection is closed.). Possibly consider using a shorter maxLifetime value.
2026-05-10 14:54:34.830 [mssql-timeout-task-3-3a560e3b-106b-4a83-95ec-99e5794bffae] WARN  c.m.s.jdbc.internals.TDS.Command - TDSCommand@30f54e5c (SQLServerStatement:62 executeXXX): Command could not be timed out. Reason: Socket closed
2026-05-10 15:08:29.114 [mssql-timeout-task-4-95da75ad-9d4e-471b-af1c-890ea2a97316] WARN  c.m.s.jdbc.internals.TDS.Command - TDSCommand@561f1a81 (SQLServerStatement:137 executeXXX): Command could not be timed out. Reason: Socket closed
2026-05-10 15:08:29.207 [HikariPool-1:housekeeper] WARN  com.zaxxer.hikari.pool.PoolBase - HikariPool-1 - Failed to validate connection ConnectionID:3 ClientConnectionId: 95da75ad-9d4e-471b-af1c-890ea2a97316 (The connection is closed.). Possibly consider using a shorter maxLifetime value.
2026-05-10 15:08:31.346 [HikariPool-1:housekeeper] WARN  com.zaxxer.hikari.pool.HikariPool - HikariPool-1 - Thread starvation or clock leap detected (housekeeper delta=51s727ms953µs468ns).
Hibernate:
    select
        top (?) c1_0.id
    from
        cifs c1_0
    where
        c1_0.email=?
Hibernate:
    select
        top (?) c1_0.id
    from
        cifs c1_0
    where
        c1_0.email=?
Hibernate:
    select
        c1_0.id,
        c1_0.cif_number,
        c1_0.created_at,
        c1_0.email,
        c1_0.failed_attempts,
        c1_0.full_name,
        c1_0.phone_number,
        c1_0.status,
        c1_0.tpin_hash,
        c1_0.updated_at
    from
        cifs c1_0
    where
        c1_0.cif_number=?
Hibernate:
    select
        c1_0.id,
        c1_0.cif_number,
        c1_0.created_at,
        c1_0.email,
        c1_0.failed_attempts,
        c1_0.full_name,
        c1_0.phone_number,
        c1_0.status,
        c1_0.tpin_hash,
        c1_0.updated_at
    from
        cifs c1_0
    where
        c1_0.cif_number=?
Hibernate:
    insert
    into
        cifs
        (cif_number, created_at, email, failed_attempts, full_name, phone_number, status, tpin_hash, updated_at)
    values
        (?, ?, ?, ?, ?, ?, ?, ?, ?)
Hibernate:
    insert
    into
        cifs
        (cif_number, created_at, email, failed_attempts, full_name, phone_number, status, tpin_hash, updated_at)
    values
        (?, ?, ?, ?, ?, ?, ?, ?, ?)
2026-05-10 15:57:25.109 [http-nio-8080-exec-9] WARN  org.hibernate.orm.jdbc.error - HHH000247: ErrorCode: 2627, SQLState: 23000
2026-05-10 15:57:25.169 [http-nio-8080-exec-9] WARN  org.hibernate.orm.jdbc.error - Violation of UNIQUE KEY constraint 'UQ_cifs_email'. Cannot insert duplicate key in object 'dbo.cifs'. The duplicate key value is (seeifeldina@gmail.com).
2026-05-10 15:57:24.860 [http-nio-8080-exec-10] INFO  API_LOGGER - [D812EC11] REQUEST  | POST /api/cif/register | Body: { "fullName": "Seif Ashraf", "email": "seeifeldina@gmail.com", "phoneNumber": "+201100339940" }
2026-05-10 15:57:25.195 [http-nio-8080-exec-10] INFO  API_LOGGER - [D812EC11] RESPONSE | POST /api/cif/register | Status: 201 | Duration: 48680ms | Body: {"data":{"cifNumber":"CIF-E86F2101","fullName":"Seif Ashraf","nextStep":"Use the Set TPIN API with your CIF number to activate your account."},"message":"CIF registered successfully.","success":true}
2026-05-10 15:57:28.394 [http-nio-8080-exec-9] INFO  API_LOGGER - [3FDBF4A9] REQUEST  | POST /api/cif/register | Body: { "fullName": "Seif Ashraf", "email": "seeifeldina@gmail.com", "phoneNumber": "+201100339940" }
2026-05-10 15:57:28.463 [http-nio-8080-exec-9] INFO  API_LOGGER - [3FDBF4A9] RESPONSE | POST /api/cif/register | Status: 500 | Duration: 455181ms | Body: {"message":"An unexpected error occurred: could not execute statement [Violation of UNIQUE KEY constraint 'UQ_cifs_email'. Cannot insert duplicate key in object 'dbo.cifs'. The duplicate key value is (seeifeldina@gmail.com).] [insert into cifs (cif_number,created_at,email,failed_attempts,full_name,phone_number,status,tpin_hash,updated_at) values (?,?,?,?,?,?,?,?,?)]; SQL [insert into cifs (cif_number,created_at,email,failed_attempts,full_name,phone_number,status,tpin_hash,updated_at) values (?,?,?,?,?,?,?,?,?)]; constraint [UQ_cifs_email]","success":false}
Hibernate:
    select
        top (?) c1_0.id
    from
        cifs c1_0
    where
        c1_0.email=?
2026-05-10 15:58:59.672 [http-nio-8080-exec-5] INFO  API_LOGGER - [46FA9C74] REQUEST  | POST /api/cif/register | Body: { "fullName": "Seif Ashraf", "email": "seeifeldina@gmail.com", "phoneNumber": "+201100339940" }
2026-05-10 15:58:59.775 [http-nio-8080-exec-5] INFO  API_LOGGER - [46FA9C74] RESPONSE | POST /api/cif/register | Status: 409 | Duration: 2722ms | Body: {"message":"A CIF with this email already exists.","success":false}
Hibernate:
    select
        top (?) c1_0.id
    from
        cifs c1_0
    where
        c1_0.email=?
Hibernate:
    select
        c1_0.id,
        c1_0.cif_number,
        c1_0.created_at,
        c1_0.email,
        c1_0.failed_attempts,
        c1_0.full_name,
        c1_0.phone_number,
        c1_0.status,
        c1_0.tpin_hash,
        c1_0.updated_at
    from
        cifs c1_0
    where
        c1_0.cif_number=?
Hibernate:
    insert
    into
        cifs
        (cif_number, created_at, email, failed_attempts, full_name, phone_number, status, tpin_hash, updated_at)
    values
        (?, ?, ?, ?, ?, ?, ?, ?, ?)
2026-05-10 15:59:37.849 [http-nio-8080-exec-3] INFO  API_LOGGER - [2DB316E8] REQUEST  | POST /api/cif/register | Body: { "fullName": "Seif Ashraf", "email": "seeifeldina+900@gmail.com", "phoneNumber": "+201100339940" }
2026-05-10 15:59:37.850 [http-nio-8080-exec-3] INFO  API_LOGGER - [2DB316E8] RESPONSE | POST /api/cif/register | Status: 201 | Duration: 10015ms | Body: {"data":{"cifNumber":"CIF-225EA53C","fullName":"Seif Ashraf","nextStep":"Use the Set TPIN API with your CIF number to activate your account."},"message":"CIF registered successfully.","success":true}
2026-05-10 16:04:44.761 [http-nio-8080-exec-6] INFO  API_LOGGER - [93368594] REQUEST  | POST /api/cif/set-tpin | Body: {
2026-05-10 16:04:44.826 [http-nio-8080-exec-6] INFO  API_LOGGER - [93368594] RESPONSE | POST /api/cif/set-tpin | Status: 500 | Duration: 2268ms | Body: {"message":"An unexpected error occurred: Content-Type 'text/plain;charset=UTF-8' is not supported","success":false}
Hibernate:
    select
        c1_0.id,
        c1_0.cif_number,
        c1_0.created_at,
        c1_0.email,
        c1_0.failed_attempts,
        c1_0.full_name,
        c1_0.phone_number,
        c1_0.status,
        c1_0.tpin_hash,
        c1_0.updated_at
    from
        cifs c1_0
    where
        c1_0.cif_number=?
Hibernate:
    update
        cifs
    set
        cif_number=?,
        email=?,
        failed_attempts=?,
        full_name=?,
        phone_number=?,
        status=?,
        tpin_hash=?,
        updated_at=?
    where
        id=?
Hibernate:
    select
        c1_0.id,
        c1_0.cif_number,
        c1_0.created_at,
        c1_0.email,
        c1_0.failed_attempts,
        c1_0.full_name,
        c1_0.phone_number,
        c1_0.status,
        c1_0.tpin_hash,
        c1_0.updated_at
    from
        cifs c1_0
    where
        c1_0.cif_number=?
2026-05-10 16:08:01.213 [HikariPool-1:housekeeper] WARN  com.zaxxer.hikari.pool.HikariPool - HikariPool-1 - Thread starvation or clock leap detected (housekeeper delta=1m34s749ms91µs418ns).
Hibernate:
    update
        cifs
    set
        cif_number=?,
        email=?,
        failed_attempts=?,
        full_name=?,
        phone_number=?,
        status=?,
        tpin_hash=?,
        updated_at=?
    where
        id=?
2026-05-10 16:08:34.883 [mssql-timeout-task-6-671371b3-0e8b-42e8-85a9-ca70704b7681] WARN  c.m.s.jdbc.internals.TDS.Command - TDSCommand@3121933b (SQLServerStatement:460 executeXXX): Command could not be timed out. Reason: Socket closed
2026-05-10 16:08:36.485 [HikariPool-1:housekeeper] WARN  com.zaxxer.hikari.pool.PoolBase - HikariPool-1 - Failed to validate connection ConnectionID:39 ClientConnectionId: 671371b3-0e8b-42e8-85a9-ca70704b7681 (The connection is closed.). Possibly consider using a shorter maxLifetime value.
2026-05-10 16:08:42.095 [HikariPool-1:housekeeper] WARN  com.zaxxer.hikari.pool.PoolBase - HikariPool-1 - Failed to validate connection ConnectionID:35 ClientConnectionId: fe447cb5-53c5-4ad9-9a73-75cb8548a388 (The connection is closed.). Possibly consider using a shorter maxLifetime value.
2026-05-10 16:08:42.211 [mssql-timeout-task-7-fe447cb5-53c5-4ad9-9a73-75cb8548a388] WARN  c.m.s.jdbc.internals.TDS.Command - TDSCommand@6cb27547 (SQLServerStatement:462 executeXXX): Command could not be timed out. Reason: Socket closed
2026-05-10 16:08:47.793 [HikariPool-1:housekeeper] WARN  com.zaxxer.hikari.pool.PoolBase - HikariPool-1 - Failed to validate connection ConnectionID:40 ClientConnectionId: 4433f26e-3ce4-4c73-b182-5b4b8571f55d (The connection is closed.). Possibly consider using a shorter maxLifetime value.
2026-05-10 16:08:48.042 [mssql-timeout-task-8-4433f26e-3ce4-4c73-b182-5b4b8571f55d] WARN  c.m.s.jdbc.internals.TDS.Command - TDSCommand@62305857 (SQLServerStatement:463 executeXXX): Command could not be timed out. Reason: Connection or outbound has closed
2026-05-10 16:08:53.291 [HikariPool-1:housekeeper] WARN  com.zaxxer.hikari.pool.PoolBase - HikariPool-1 - Failed to validate connection ConnectionID:34 ClientConnectionId: 12eda3b9-a6a0-41b7-802a-41a02617db46 (The connection is closed.). Possibly consider using a shorter maxLifetime value.
2026-05-10 16:08:58.747 [HikariPool-1:housekeeper] WARN  com.zaxxer.hikari.pool.PoolBase - HikariPool-1 - Failed to validate connection ConnectionID:37 ClientConnectionId: 93bb29da-e90d-451a-a3fe-926a2428ab9b (The connection is closed.). Possibly consider using a shorter maxLifetime value.
2026-05-10 16:09:07.558 [HikariPool-1:housekeeper] WARN  com.zaxxer.hikari.pool.PoolBase - HikariPool-1 - Failed to validate connection ConnectionID:38 ClientConnectionId: dd1beee8-cc87-46bd-866c-87f3e4196c0d (The connection is closed.). Possibly consider using a shorter maxLifetime value.
2026-05-10 16:09:08.079 [mssql-timeout-task-10-dd1beee8-cc87-46bd-866c-87f3e4196c0d] WARN  c.m.s.jdbc.internals.TDS.Command - TDSCommand@2983a71f (SQLServerStatement:467 executeXXX): Command could not be timed out. Reason: Socket closed
2026-05-10 16:09:08.272 [HikariPool-1:housekeeper] WARN  com.zaxxer.hikari.pool.HikariPool - HikariPool-1 - Thread starvation or clock leap detected (housekeeper delta=1m9s381ms274µs384ns).
2026-05-10 16:11:04.599 [http-nio-8080-exec-10] INFO  API_LOGGER - [B8F27784] REQUEST  | POST /api/cif/set-tpin | Body: { "cifNumber": "CIF-225EA53C", "tpin": "****", "confirmTpin": "****" }
2026-05-10 16:11:04.745 [http-nio-8080-exec-10] INFO  API_LOGGER - [B8F27784] RESPONSE | POST /api/cif/set-tpin | Status: 200 | Duration: 198090ms | Body: {"message":"TPIN set successfully. CIF is now active.","success":true}
2026-05-10 16:11:10.940 [http-nio-8080-exec-8] INFO  API_LOGGER - [B78458F8] REQUEST  | POST /api/cif/set-tpin | Body: { "cifNumber": "CIF-225EA53C", "tpin": "****", "confirmTpin": "****" }
2026-05-10 16:11:10.959 [http-nio-8080-exec-8] INFO  API_LOGGER - [B78458F8] RESPONSE | POST /api/cif/set-tpin | Status: 200 | Duration: 357124ms | Body: {"message":"TPIN set successfully. CIF is now active.","success":true}
Hibernate:
    select
        c1_0.id,
        c1_0.cif_number,
        c1_0.created_at,
        c1_0.email,
        c1_0.failed_attempts,
        c1_0.full_name,
        c1_0.phone_number,
        c1_0.status,
        c1_0.tpin_hash,
        c1_0.updated_at
    from
        cifs c1_0
    where
        c1_0.cif_number=?
2026-05-10 16:11:18.051 [http-nio-8080-exec-3] INFO  API_LOGGER - [A3255E82] REQUEST  | POST /api/cif/set-tpin | Body: { "cifNumber": "CIF-225EA53C", "tpin": "****", "confirmTpin": "****" }
2026-05-10 16:11:18.324 [http-nio-8080-exec-3] INFO  API_LOGGER - [A3255E82] RESPONSE | POST /api/cif/set-tpin | Status: 400 | Duration: 2224ms | Body: {"message":"TPIN has already been set for this CIF. Use Reset TPIN to change it.","success":false}
2026-05-10 16:13:37.626 [http-nio-8080-exec-2] INFO  API_LOGGER - [72225A01] REQUEST  | POST /api/cif/reset-tpin | Body: { "cifNumber": "CIF-225EA53C", "tpin": "****", "confirmTpin": "****" }
2026-05-10 16:13:38.063 [http-nio-8080-exec-2] INFO  API_LOGGER - [72225A01] RESPONSE | POST /api/cif/reset-tpin | Status: 400 | Duration: 16249ms | Body: {"message":"New TPIN is required","success":false}
2026-05-10 16:15:37.730 [HikariPool-1:housekeeper] WARN  com.zaxxer.hikari.pool.PoolBase - HikariPool-1 - Failed to validate connection ConnectionID:41 ClientConnectionId: 2d03ddd5-10da-4f39-b35d-be88c5a44e77 (The connection is closed.). Possibly consider using a shorter maxLifetime value.
2026-05-10 16:15:37.481 [mssql-timeout-task-11-2d03ddd5-10da-4f39-b35d-be88c5a44e77] WARN  c.m.s.jdbc.internals.TDS.Command - TDSCommand@1a5984ce (SQLServerStatement:494 executeXXX): Command could not be timed out. Reason: Connection or outbound has closed
2026-05-10 16:15:40.733 [http-nio-8080-exec-3] WARN  com.zaxxer.hikari.pool.PoolBase - HikariPool-1 - Failed to validate connection ConnectionID:33 ClientConnectionId: d6198450-09d0-4298-b4f2-a8e01d607319 (The connection is closed.). Possibly consider using a shorter maxLifetime value.
2026-05-10 16:15:45.334 [HikariPool-1:housekeeper] WARN  com.zaxxer.hikari.pool.PoolBase - HikariPool-1 - Failed to validate connection ConnectionID:43 ClientConnectionId: acc2dec8-a5ed-45e2-801a-8642a7b0fbf0 (The connection is closed.). Possibly consider using a shorter maxLifetime value.
2026-05-10 16:15:47.412 [http-nio-8080-exec-3] WARN  com.zaxxer.hikari.pool.PoolBase - HikariPool-1 - Failed to validate connection ConnectionID:36 ClientConnectionId: fd5c781f-f0fa-4680-bc4c-7b60bd9aea21 (The connection is closed.). Possibly consider using a shorter maxLifetime value.
2026-05-10 16:15:47.021 [mssql-timeout-task-12-fd5c781f-f0fa-4680-bc4c-7b60bd9aea21] WARN  c.m.s.jdbc.internals.TDS.Command - TDSCommand@63dbafe5 (SQLServerStatement:497 executeXXX): Command could not be timed out. Reason: Connection or outbound has closed
2026-05-10 16:15:53.403 [http-nio-8080-exec-3] WARN  com.zaxxer.hikari.pool.PoolBase - HikariPool-1 - Failed to validate connection ConnectionID:42 ClientConnectionId: cd4c5a1c-218e-4bf4-870e-77e3342738a5 (The connection is closed.). Possibly consider using a shorter maxLifetime value.
2026-05-10 16:16:12.164 [HikariPool-1:housekeeper] WARN  com.zaxxer.hikari.pool.PoolBase - HikariPool-1 - Failed to validate connection ConnectionID:46 ClientConnectionId: fcc8730c-9b74-4f0a-9501-048783f89411 (The connection is closed.). Possibly consider using a shorter maxLifetime value.
2026-05-10 16:16:14.807 [mssql-timeout-task-13-fcc8730c-9b74-4f0a-9501-048783f89411] WARN  c.m.s.jdbc.internals.TDS.Command - TDSCommand@54d1fc24 (SQLServerStatement:500 executeXXX): Command could not be timed out. Reason: Socket closed
Hibernate:
    select
        c1_0.id,
        c1_0.cif_number,
        c1_0.created_at,
        c1_0.email,
        c1_0.failed_attempts,
        c1_0.full_name,
        c1_0.phone_number,
        c1_0.status,
        c1_0.tpin_hash,
        c1_0.updated_at
    from
        cifs c1_0
    where
        c1_0.cif_number=?
2026-05-10 16:16:33.831 [http-nio-8080-exec-3] INFO  API_LOGGER - [7F6A5FA0] REQUEST  | POST /api/cif/reset-tpin | Body: { "cifNumber": "CIF-225EA53C", "newTpin": "****", "confirmTpin": "****" }
2026-05-10 16:16:34.151 [http-nio-8080-exec-3] INFO  API_LOGGER - [7F6A5FA0] RESPONSE | POST /api/cif/reset-tpin | Status: 400 | Duration: 65378ms | Body: {"message":"CIF is not blocked. Reset TPIN is only for blocked CIFs.","success":false}
Hibernate:
    select
        c1_0.id,
        c1_0.cif_number,
        c1_0.created_at,
        c1_0.email,
        c1_0.failed_attempts,
        c1_0.full_name,
        c1_0.phone_number,
        c1_0.status,
        c1_0.tpin_hash,
        c1_0.updated_at
    from
        cifs c1_0
    where
        c1_0.cif_number=?
Hibernate:
    update
        cifs
    set
        cif_number=?,
        email=?,
        failed_attempts=?,
        full_name=?,
        phone_number=?,
        status=?,
        tpin_hash=?,
        updated_at=?
    where
        id=?
2026-05-10 16:23:28.746 [http-nio-8080-exec-10] INFO  API_LOGGER - [AC445DE1] REQUEST  | POST /api/cif/authenticate | Body: { "cifNumber": "CIF-225EA53C", "tpin": "****" }
2026-05-10 16:23:28.984 [http-nio-8080-exec-10] INFO  API_LOGGER - [AC445DE1] RESPONSE | POST /api/cif/authenticate | Status: 401 | Duration: 13241ms | Body: {"data":{"authenticated":false,"cifNumber":"CIF-225EA53C","remainingAttempts":2,"token":null},"message":"Incorrect TPIN. 2 attempt(s) remaining before account is blocked.","success":false}
Hibernate:
    select
        c1_0.id,
        c1_0.cif_number,
        c1_0.created_at,
        c1_0.email,
        c1_0.failed_attempts,
        c1_0.full_name,
        c1_0.phone_number,
        c1_0.status,
        c1_0.tpin_hash,
        c1_0.updated_at
    from
        cifs c1_0
    where
        c1_0.cif_number=?
Hibernate:
    update
        cifs
    set
        cif_number=?,
        email=?,
        failed_attempts=?,
        full_name=?,
        phone_number=?,
        status=?,
        tpin_hash=?,
        updated_at=?
    where
        id=?
2026-05-10 16:30:57.197 [http-nio-8080-exec-8] INFO  API_LOGGER - [D5A71E81] REQUEST  | POST /api/cif/authenticate | Body: { "cifNumber": "CIF-225EA53C", "tpin": "****" }
2026-05-10 16:30:57.199 [http-nio-8080-exec-8] INFO  API_LOGGER - [D5A71E81] RESPONSE | POST /api/cif/authenticate | Status: 401 | Duration: 1811ms | Body: {"data":{"authenticated":false,"cifNumber":"CIF-225EA53C","remainingAttempts":1,"token":null},"message":"Incorrect TPIN. 1 attempt(s) remaining before account is blocked.","success":false}
Hibernate:
    select
        c1_0.id,
        c1_0.cif_number,
        c1_0.created_at,
        c1_0.email,
        c1_0.failed_attempts,
        c1_0.full_name,
        c1_0.phone_number,
        c1_0.status,
        c1_0.tpin_hash,
        c1_0.updated_at
    from
        cifs c1_0
    where
        c1_0.cif_number=?
2026-05-10 16:36:55.663 [http-nio-8080-exec-7] INFO  API_LOGGER - [2BBD6C35] REQUEST  | POST /api/cif/authenticate | Body: { "cifNumber": "CIF-225EA53C", "tpin": "****" }
2026-05-10 16:36:55.765 [http-nio-8080-exec-7] INFO  API_LOGGER - [2BBD6C35] RESPONSE | POST /api/cif/authenticate | Status: 403 | Duration: 3200ms | Body: {"message":"Incorrect TPIN. CIF has been blocked after 3 failed attempts.","success":false}
Hibernate:
    select
        c1_0.id,
        c1_0.cif_number,
        c1_0.created_at,
        c1_0.email,
        c1_0.failed_attempts,
        c1_0.full_name,
        c1_0.phone_number,
        c1_0.status,
        c1_0.tpin_hash,
        c1_0.updated_at
    from
        cifs c1_0
    where
        c1_0.cif_number=?
2026-05-10 16:38:06.946 [http-nio-8080-exec-1] INFO  API_LOGGER - [AB073C1C] REQUEST  | POST /api/cif/reset-tpin | Body: { "cifNumber": "CIF-225EA53C", "newTpin": "****", "confirmTpin": "****" }
2026-05-10 16:38:07.359 [http-nio-8080-exec-1] INFO  API_LOGGER - [AB073C1C] RESPONSE | POST /api/cif/reset-tpin | Status: 400 | Duration: 3824ms | Body: {"message":"CIF is not blocked. Reset TPIN is only for blocked CIFs.","success":false}
Hibernate:
    select
        c1_0.id,
        c1_0.cif_number,
        c1_0.created_at,
        c1_0.email,
        c1_0.failed_attempts,
        c1_0.full_name,
        c1_0.phone_number,
        c1_0.status,
        c1_0.tpin_hash,
        c1_0.updated_at
    from
        cifs c1_0
    where
        c1_0.cif_number=?
2026-05-10 16:39:53.592 [http-nio-8080-exec-9] INFO  API_LOGGER - [9F982E43] REQUEST  | POST /api/cif/reset-tpin | Body: { "cifNumber": "CIF-225EA53C", "newTpin": "****", "confirmTpin": "****" }
2026-05-10 16:39:53.841 [http-nio-8080-exec-9] INFO  API_LOGGER - [9F982E43] RESPONSE | POST /api/cif/reset-tpin | Status: 400 | Duration: 1236ms | Body: {"message":"CIF is not blocked. Reset TPIN is only for blocked CIFs.","success":false}
Hibernate:
    select
        c1_0.id,
        c1_0.cif_number,
        c1_0.created_at,
        c1_0.email,
        c1_0.failed_attempts,
        c1_0.full_name,
        c1_0.phone_number,
        c1_0.status,
        c1_0.tpin_hash,
        c1_0.updated_at
    from
        cifs c1_0
    where
        c1_0.cif_number=?
2026-05-10 16:40:45.257 [http-nio-8080-exec-4] INFO  API_LOGGER - [4A7232A0] REQUEST  | POST /api/cif/authenticate | Body: { "cifNumber": "CIF-225EA53C", "tpin": "****" }
2026-05-10 16:40:46.694 [http-nio-8080-exec-4] INFO  API_LOGGER - [4A7232A0] RESPONSE | POST /api/cif/authenticate | Status: 403 | Duration: 11503ms | Body: {"message":"Incorrect TPIN. CIF has been blocked after 3 failed attempts.","success":false}
Hibernate:
    select
        c1_0.id,
        c1_0.cif_number,
        c1_0.created_at,
        c1_0.email,
        c1_0.failed_attempts,
        c1_0.full_name,
        c1_0.phone_number,
        c1_0.status,
        c1_0.tpin_hash,
        c1_0.updated_at
    from
        cifs c1_0
    where
        c1_0.cif_number=?
2026-05-10 16:42:32.900 [http-nio-8080-exec-7] INFO  API_LOGGER - [ADA8B2CB] REQUEST  | POST /api/cif/authenticate | Body: { "cifNumber": "CIF-225EA53C", "tpin": "****" }
2026-05-10 16:42:33.224 [http-nio-8080-exec-7] INFO  API_LOGGER - [ADA8B2CB] RESPONSE | POST /api/cif/authenticate | Status: 403 | Duration: 3525ms | Body: {"message":"Incorrect TPIN. CIF has been blocked after 3 failed attempts.","success":false}
Hibernate:
    select
        c1_0.id,
        c1_0.cif_number,
        c1_0.created_at,
        c1_0.email,
        c1_0.failed_attempts,
        c1_0.full_name,
        c1_0.phone_number,
        c1_0.status,
        c1_0.tpin_hash,
        c1_0.updated_at
    from
        cifs c1_0
    where
        c1_0.cif_number=?
2026-05-10 16:42:42.421 [http-nio-8080-exec-3] INFO  API_LOGGER - [050556C3] REQUEST  | POST /api/cif/reset-tpin | Body: { "cifNumber": "CIF-225EA53C", "newTpin": "****", "confirmTpin": "****" }
2026-05-10 16:42:42.422 [http-nio-8080-exec-3] INFO  API_LOGGER - [050556C3] RESPONSE | POST /api/cif/reset-tpin | Status: 400 | Duration: 748ms | Body: {"message":"CIF is not blocked. Reset TPIN is only for blocked CIFs.","success":false}
Hibernate:
    select
        c1_0.id,
        c1_0.cif_number,
        c1_0.created_at,
        c1_0.email,
        c1_0.failed_attempts,
        c1_0.full_name,
        c1_0.phone_number,
        c1_0.status,
        c1_0.tpin_hash,
        c1_0.updated_at
    from
        cifs c1_0
    where
        c1_0.cif_number=?
2026-05-10 16:42:59.830 [http-nio-8080-exec-1] INFO  API_LOGGER - [3F22790A] REQUEST  | POST /api/cif/reset-tpin | Body: { "cifNumber": "225EA53C", "newTpin": "****", "confirmTpin": "****" }
2026-05-10 16:42:59.832 [http-nio-8080-exec-1] INFO  API_LOGGER - [3F22790A] RESPONSE | POST /api/cif/reset-tpin | Status: 404 | Duration: 1404ms | Body: {"message":"CIF not found: 225EA53C","success":false}
Hibernate:
    select
        c1_0.id,
        c1_0.cif_number,
        c1_0.created_at,
        c1_0.email,
        c1_0.failed_attempts,
        c1_0.full_name,
        c1_0.phone_number,
        c1_0.status,
        c1_0.tpin_hash,
        c1_0.updated_at
    from
        cifs c1_0
    where
        c1_0.cif_number=?
2026-05-10 16:43:07.692 [http-nio-8080-exec-10] INFO  API_LOGGER - [7B64CE1B] REQUEST  | POST /api/cif/reset-tpin | Body: { "cifNumber": "CIF-225EA53C", "newTpin": "****", "confirmTpin": "****" }
2026-05-10 16:43:07.693 [http-nio-8080-exec-10] INFO  API_LOGGER - [7B64CE1B] RESPONSE | POST /api/cif/reset-tpin | Status: 400 | Duration: 500ms | Body: {"message":"CIF is not blocked. Reset TPIN is only for blocked CIFs.","success":false}
Hibernate:
    select
        c1_0.id,
        c1_0.cif_number,
        c1_0.created_at,
        c1_0.email,
        c1_0.failed_attempts,
        c1_0.full_name,
        c1_0.phone_number,
        c1_0.status,
        c1_0.tpin_hash,
        c1_0.updated_at
    from
        cifs c1_0
    where
        c1_0.cif_number=?
2026-05-10 16:43:40.559 [http-nio-8080-exec-8] INFO  API_LOGGER - [567F7D95] REQUEST  | POST /api/cif/authenticate | Body: { "cifNumber": "CIF-225EA53C", "tpin": "****" }
2026-05-10 16:43:40.572 [http-nio-8080-exec-8] INFO  API_LOGGER - [567F7D95] RESPONSE | POST /api/cif/authenticate | Status: 403 | Duration: 6861ms | Body: {"message":"Incorrect TPIN. CIF has been blocked after 3 failed attempts.","success":false}
Hibernate:
    select
        c1_0.id,
        c1_0.cif_number,
        c1_0.created_at,
        c1_0.email,
        c1_0.failed_attempts,
        c1_0.full_name,
        c1_0.phone_number,
        c1_0.status,
        c1_0.tpin_hash,
        c1_0.updated_at
    from
        cifs c1_0
    where
        c1_0.cif_number=?
2026-05-10 16:43:57.082 [http-nio-8080-exec-4] INFO  API_LOGGER - [3CC0E11B] REQUEST  | POST /api/cif/reset-tpin | Body: { "cifNumber": "CIF-225EA53C", "newTpin": "****", "confirmTpin": "****" }
2026-05-10 16:43:57.085 [http-nio-8080-exec-4] INFO  API_LOGGER - [3CC0E11B] RESPONSE | POST /api/cif/reset-tpin | Status: 400 | Duration: 983ms | Body: {"message":"CIF is not blocked. Reset TPIN is only for blocked CIFs.","success":false}
Hibernate:
    select
        c1_0.id,
        c1_0.cif_number,
        c1_0.created_at,
        c1_0.email,
        c1_0.failed_attempts,
        c1_0.full_name,
        c1_0.phone_number,
        c1_0.status,
        c1_0.tpin_hash,
        c1_0.updated_at
    from
        cifs c1_0
    where
        c1_0.cif_number=?
Hibernate:
    update
        cifs
    set
        cif_number=?,
        email=?,
        failed_attempts=?,
        full_name=?,
        phone_number=?,
        status=?,
        tpin_hash=?,
        updated_at=?
    where
        id=?
2026-05-10 16:48:25.372 [http-nio-8080-exec-2] INFO  API_LOGGER - [55630E1D] REQUEST  | POST /api/cif/authenticate | Body: { "cifNumber": "CIF-225EA53C", "tpin": "****" }
2026-05-10 16:48:25.373 [http-nio-8080-exec-2] INFO  API_LOGGER - [55630E1D] RESPONSE | POST /api/cif/authenticate | Status: 200 | Duration: 214118ms | Body: {"data":{"authenticated":true,"cifNumber":"CIF-225EA53C","remainingAttempts":null,"token":"eyJhbGciOiJIUzM4NCJ9.eyJzdWIiOiJDSUYtMjI1RUE1M0MiLCJpYXQiOjE3Nzg0MzE2NjcsImV4cCI6MTc3ODUxODA2N30.s0R9xzS4gdip3GO8hgSpGfjKqSLsfJ4_UF5AU31vkGt-NhWCL492nUAz9FSRF3c9"},"message":"Authentication successful.","success":true}
Hibernate:
    select
        c1_0.id,
        c1_0.cif_number,
        c1_0.created_at,
        c1_0.email,
        c1_0.failed_attempts,
        c1_0.full_name,
        c1_0.phone_number,
        c1_0.status,
        c1_0.tpin_hash,
        c1_0.updated_at
    from
        cifs c1_0
    where
        c1_0.cif_number=?
2026-05-10 16:52:30.877 [http-nio-8080-exec-3] INFO  API_LOGGER - [F0A0A109] REQUEST  | POST /api/cif/authenticate | Body: { "cifNumber": "CIF-225EA53C", "tpin": "****" }
2026-05-10 16:52:31.095 [http-nio-8080-exec-3] INFO  API_LOGGER - [F0A0A109] RESPONSE | POST /api/cif/authenticate | Status: 200 | Duration: 4855ms | Body: {"data":{"authenticated":true,"cifNumber":"CIF-225EA53C","remainingAttempts":null,"token":"eyJhbGciOiJIUzM4NCJ9.eyJzdWIiOiJDSUYtMjI1RUE1M0MiLCJpYXQiOjE3Nzg0MzE5NDksImV4cCI6MTc3ODUxODM0OX0.jCjKn4BG-rYf9GwdYMkZVpdWZVuaBtfd3cermPf9u9dOwc4bD83LnMMMrq4HPkD-"},"message":"Authentication successful.","success":true}
Hibernate:
    select
        c1_0.id,
        c1_0.cif_number,
        c1_0.created_at,
        c1_0.email,
        c1_0.failed_attempts,
        c1_0.full_name,
        c1_0.phone_number,
        c1_0.status,
        c1_0.tpin_hash,
        c1_0.updated_at
    from
        cifs c1_0
    where
        c1_0.cif_number=?
2026-05-10 16:56:25.831 [http-nio-8080-exec-9] INFO  API_LOGGER - [34C099BF] REQUEST  | POST /api/cif/reset-tpin | Body: { "cifNumber": "CIF-225EA53C", "newTpin": "****", "confirmTpin": "****" }
2026-05-10 16:56:25.833 [http-nio-8080-exec-9] INFO  API_LOGGER - [34C099BF] RESPONSE | POST /api/cif/reset-tpin | Status: 400 | Duration: 2075ms | Body: {"message":"CIF is not blocked. Reset TPIN is only for blocked CIFs.","success":false}
Hibernate:
    select
        c1_0.id,
        c1_0.cif_number,
        c1_0.created_at,
        c1_0.email,
        c1_0.failed_attempts,
        c1_0.full_name,
        c1_0.phone_number,
        c1_0.status,
        c1_0.tpin_hash,
        c1_0.updated_at
    from
        cifs c1_0
    where
        c1_0.cif_number=?
Hibernate:
    update
        cifs
    set
        cif_number=?,
        email=?,
        failed_attempts=?,
        full_name=?,
        phone_number=?,
        status=?,
        tpin_hash=?,
        updated_at=?
    where
        id=?
2026-05-10 16:57:04.528 [http-nio-8080-exec-8] INFO  API_LOGGER - [3CCECBAB] REQUEST  | POST /api/cif/authenticate | Body: { "cifNumber": "CIF-225EA53C", "tpin": "****" }
2026-05-10 16:57:04.529 [http-nio-8080-exec-8] INFO  API_LOGGER - [3CCECBAB] RESPONSE | POST /api/cif/authenticate | Status: 401 | Duration: 7824ms | Body: {"data":{"authenticated":false,"cifNumber":"CIF-225EA53C","remainingAttempts":2,"token":null},"message":"Incorrect TPIN. 2 attempt(s) remaining before account is blocked.","success":false}
Hibernate:
    select
        c1_0.id,
        c1_0.cif_number,
        c1_0.created_at,
        c1_0.email,
        c1_0.failed_attempts,
        c1_0.full_name,
        c1_0.phone_number,
        c1_0.status,
        c1_0.tpin_hash,
        c1_0.updated_at
    from
        cifs c1_0
    where
        c1_0.cif_number=?
Hibernate:
    update
        cifs
    set
        cif_number=?,
        email=?,
        failed_attempts=?,
        full_name=?,
        phone_number=?,
        status=?,
        tpin_hash=?,
        updated_at=?
    where
        id=?
2026-05-10 16:57:16.017 [http-nio-8080-exec-6] INFO  API_LOGGER - [EEB7EE3F] REQUEST  | POST /api/cif/authenticate | Body: { "cifNumber": "CIF-225EA53C", "tpin": "****" }
2026-05-10 16:57:16.071 [http-nio-8080-exec-6] INFO  API_LOGGER - [EEB7EE3F] RESPONSE | POST /api/cif/authenticate | Status: 401 | Duration: 5486ms | Body: {"data":{"authenticated":false,"cifNumber":"CIF-225EA53C","remainingAttempts":1,"token":null},"message":"Incorrect TPIN. 1 attempt(s) remaining before account is blocked.","success":false}
Hibernate:
    select
        c1_0.id,
        c1_0.cif_number,
        c1_0.created_at,
        c1_0.email,
        c1_0.failed_attempts,
        c1_0.full_name,
        c1_0.phone_number,
        c1_0.status,
        c1_0.tpin_hash,
        c1_0.updated_at
    from
        cifs c1_0
    where
        c1_0.cif_number=?
2026-05-10 16:57:31.115 [http-nio-8080-exec-2] INFO  API_LOGGER - [E617F09A] REQUEST  | POST /api/cif/authenticate | Body: { "cifNumber": "CIF-225EA53C", "tpin": "****" }
2026-05-10 16:57:31.116 [http-nio-8080-exec-2] INFO  API_LOGGER - [E617F09A] RESPONSE | POST /api/cif/authenticate | Status: 403 | Duration: 10006ms | Body: {"message":"Incorrect TPIN. CIF has been blocked after 3 failed attempts.","success":false}
Hibernate:
    select
        c1_0.id,
        c1_0.cif_number,
        c1_0.created_at,
        c1_0.email,
        c1_0.failed_attempts,
        c1_0.full_name,
        c1_0.phone_number,
        c1_0.status,
        c1_0.tpin_hash,
        c1_0.updated_at
    from
        cifs c1_0
    where
        c1_0.cif_number=?
2026-05-10 16:57:55.465 [http-nio-8080-exec-7] INFO  API_LOGGER - [C282491E] REQUEST  | POST /api/cif/reset-tpin | Body: { "cifNumber": "CIF-225EA53C", "newTpin": "****", "confirmTpin": "****" }
2026-05-10 16:57:56.034 [http-nio-8080-exec-7] INFO  API_LOGGER - [C282491E] RESPONSE | POST /api/cif/reset-tpin | Status: 400 | Duration: 13912ms | Body: {"message":"CIF is not blocked. Reset TPIN is only for blocked CIFs.","success":false}
2026-05-10 16:59:16.173 [HikariPool-1:housekeeper] WARN  com.zaxxer.hikari.pool.HikariPool - HikariPool-1 - Thread starvation or clock leap detected (housekeeper delta=57s255ms765µs987ns).
Hibernate:
    select
        c1_0.id,
        c1_0.cif_number,
        c1_0.created_at,
        c1_0.email,
        c1_0.failed_attempts,
        c1_0.full_name,
        c1_0.phone_number,
        c1_0.status,
        c1_0.tpin_hash,
        c1_0.updated_at
    from
        cifs c1_0
    where
        c1_0.cif_number=?
2026-05-10 17:00:40.289 [http-nio-8080-exec-3] INFO  API_LOGGER - [1E8B5AEC] REQUEST  | POST /api/cif/reset-tpin | Body: { "cifNumber": "CIF-225EA53C", "newTpin": "****", "confirmTpin": "****" }
2026-05-10 17:00:40.725 [http-nio-8080-exec-3] INFO  API_LOGGER - [1E8B5AEC] RESPONSE | POST /api/cif/reset-tpin | Status: 400 | Duration: 21464ms | Body: {"message":"CIF is not blocked. Reset TPIN is only for blocked CIFs.","success":false}
Hibernate:
    select
        c1_0.id,
        c1_0.cif_number,
        c1_0.created_at,
        c1_0.email,
        c1_0.failed_attempts,
        c1_0.full_name,
        c1_0.phone_number,
        c1_0.status,
        c1_0.tpin_hash,
        c1_0.updated_at
    from
        cifs c1_0
    where
        c1_0.cif_number=?
2026-05-10 17:02:32.459 [http-nio-8080-exec-10] INFO  API_LOGGER - [ED084785] REQUEST  | POST /api/cif/reset-tpin | Body: { "cifNumber": "CIF-225EA53C", "newTpin": "****", "confirmTpin": "****" }
2026-05-10 17:02:32.540 [http-nio-8080-exec-10] INFO  API_LOGGER - [ED084785] RESPONSE | POST /api/cif/reset-tpin | Status: 400 | Duration: 1901ms | Body: {"message":"CIF is not blocked. Reset TPIN is only for blocked CIFs.","success":false}
Hibernate:
    select
        c1_0.id,
        c1_0.cif_number,
        c1_0.created_at,
        c1_0.email,
        c1_0.failed_attempts,
        c1_0.full_name,
        c1_0.phone_number,
        c1_0.status,
        c1_0.tpin_hash,
        c1_0.updated_at
    from
        cifs c1_0
    where
        c1_0.cif_number=?
2026-05-10 17:03:37.223 [http-nio-8080-exec-4] INFO  API_LOGGER - [2D2B09B7] REQUEST  | POST /api/cif/authenticate | Body: { "cifNumber": "CIF-225EA53C", "tpin": "****" }
2026-05-10 17:03:37.240 [http-nio-8080-exec-4] INFO  API_LOGGER - [2D2B09B7] RESPONSE | POST /api/cif/authenticate | Status: 403 | Duration: 4937ms | Body: {"message":"Incorrect TPIN. CIF has been blocked after 3 failed attempts.","success":false}
Hibernate:
    select
        c1_0.id,
        c1_0.cif_number,
        c1_0.created_at,
        c1_0.email,
        c1_0.failed_attempts,
        c1_0.full_name,
        c1_0.phone_number,
        c1_0.status,
        c1_0.tpin_hash,
        c1_0.updated_at
    from
        cifs c1_0
    where
        c1_0.cif_number=?
2026-05-10 17:06:17.256 [http-nio-8080-exec-2] INFO  API_LOGGER - [275E1575] REQUEST  | POST /api/cif/authenticate | Body: { "cifNumber": "CIF-225EA53C", "tpin": "****" }
2026-05-10 17:06:17.271 [http-nio-8080-exec-2] INFO  API_LOGGER - [275E1575] RESPONSE | POST /api/cif/authenticate | Status: 403 | Duration: 2998ms | Body: {"message":"Incorrect TPIN. CIF has been blocked after 3 failed attempts.","success":false}
Hibernate:
    select
        c1_0.id,
        c1_0.cif_number,
        c1_0.created_at,
        c1_0.email,
        c1_0.failed_attempts,
        c1_0.full_name,
        c1_0.phone_number,
        c1_0.status,
        c1_0.tpin_hash,
        c1_0.updated_at
    from
        cifs c1_0
    where
        c1_0.cif_number=?
Hibernate:
    update
        cifs
    set
        cif_number=?,
        email=?,
        failed_attempts=?,
        full_name=?,
        phone_number=?,
        status=?,
        tpin_hash=?,
        updated_at=?
    where
        id=?
2026-05-10 17:06:41.561 [http-nio-8080-exec-7] INFO  API_LOGGER - [867CF4AA] REQUEST  | POST /api/cif/authenticate | Body: { "cifNumber": "CIF-225EA53C", "tpin": "****" }
2026-05-10 17:06:41.576 [http-nio-8080-exec-7] INFO  API_LOGGER - [867CF4AA] RESPONSE | POST /api/cif/authenticate | Status: 200 | Duration: 10704ms | Body: {"data":{"authenticated":true,"cifNumber":"CIF-225EA53C","remainingAttempts":null,"token":"eyJhbGciOiJIUzM4NCJ9.eyJzdWIiOiJDSUYtMjI1RUE1M0MiLCJpYXQiOjE3Nzg0MzI3OTcsImV4cCI6MTc3ODUxOTE5N30.MUqz6SJ6OpW-UJtf4kANlCSn-yg6on_lcWXEltMPG75kzDEqVUO0Q1lYTbv_nA_R"},"message":"Authentication successful.","success":true}
Hibernate:
    select
        c1_0.id,
        c1_0.cif_number,
        c1_0.created_at,
        c1_0.email,
        c1_0.failed_attempts,
        c1_0.full_name,
        c1_0.phone_number,
        c1_0.status,
        c1_0.tpin_hash,
        c1_0.updated_at
    from
        cifs c1_0
    where
        c1_0.cif_number=?
2026-05-10 17:06:57.352 [http-nio-8080-exec-5] INFO  API_LOGGER - [76E3E7B6] REQUEST  | POST /api/cif/authenticate | Body: { "cifNumber": "CIF-225EA53C", "tpin": "****" }
2026-05-10 17:06:57.354 [http-nio-8080-exec-5] INFO  API_LOGGER - [76E3E7B6] RESPONSE | POST /api/cif/authenticate | Status: 200 | Duration: 2950ms | Body: {"data":{"authenticated":true,"cifNumber":"CIF-225EA53C","remainingAttempts":null,"token":"eyJhbGciOiJIUzM4NCJ9.eyJzdWIiOiJDSUYtMjI1RUE1M0MiLCJpYXQiOjE3Nzg0MzI4MTYsImV4cCI6MTc3ODUxOTIxNn0.IfucaBs4hbwQYBVjI3URQgQKNS9Vft_E2MR2XcvmtTE0fk06H21CLDaQsoXxJBRi"},"message":"Authentication successful.","success":true}
Hibernate:
    select
        c1_0.id,
        c1_0.cif_number,
        c1_0.created_at,
        c1_0.email,
        c1_0.failed_attempts,
        c1_0.full_name,
        c1_0.phone_number,
        c1_0.status,
        c1_0.tpin_hash,
        c1_0.updated_at
    from
        cifs c1_0
    where
        c1_0.cif_number=?
2026-05-10 17:07:47.613 [http-nio-8080-exec-3] INFO  API_LOGGER - [A3FE32AE] REQUEST  | POST /api/cif/set-tpin | Body: { "cifNumber": "CIF-225EA53C", "tpin": "****", "confirmTpin": "****" }
2026-05-10 17:07:47.627 [http-nio-8080-exec-3] INFO  API_LOGGER - [A3FE32AE] RESPONSE | POST /api/cif/set-tpin | Status: 400 | Duration: 3320ms | Body: {"message":"TPIN has already been set for this CIF. Use Reset TPIN to change it.","success":false}
Hibernate:
    select
        c1_0.id,
        c1_0.cif_number,
        c1_0.created_at,
        c1_0.email,
        c1_0.failed_attempts,
        c1_0.full_name,
        c1_0.phone_number,
        c1_0.status,
        c1_0.tpin_hash,
        c1_0.updated_at
    from
        cifs c1_0
    where
        c1_0.cif_number=?
2026-05-10 17:08:14.511 [http-nio-8080-exec-10] INFO  API_LOGGER - [22139E33] REQUEST  | POST /api/cif/reset-tpin | Body: { "cifNumber": "CIF-225EA53C", "newTpin": "****", "confirmTpin": "****" }
2026-05-10 17:08:14.512 [http-nio-8080-exec-10] INFO  API_LOGGER - [22139E33] RESPONSE | POST /api/cif/reset-tpin | Status: 400 | Duration: 448ms | Body: {"message":"CIF is not blocked. Reset TPIN is only for blocked CIFs.","success":false}
2026-05-10 17:10:09.893 [HikariPool-1:housekeeper] WARN  com.zaxxer.hikari.pool.PoolBase - HikariPool-1 - Failed to validate connection ConnectionID:60 ClientConnectionId: e3db8ebc-6dae-4aff-b82a-3eb7db0c893c (The connection is closed.). Possibly consider using a shorter maxLifetime value.